﻿<?xml version="1.0" encoding="UTF-8"?>
<Students_Timetable>
  <Subgroup name="Α1* Automatic Subgroup">
   <Day name="Monday">
    <Hour name="08:00">
      <Teacher name="ΦΑΙΤΑ"></Teacher><Subject name="ΑΓΓΠΡ"></Subject>
    </Hour>
    <Hour name="09:00">
      <Teacher name="ΦΙΛΟΛ-ΕΝΤ-1"></Teacher> <Teacher name="ΤΣΙΑ"></Teacher><Subject name="ΝΕΑΚ"></Subject>
    </Hour>
    <Hour name="10:00">
      <Teacher name="Χ-ΠΑΠΠΑΔΟΠ"></Teacher> <Teacher name="ΔΑΣΚ-ΕΝΤΑ2-pe03"></Teacher><Subject name="ΜΑΘΗΜ"></Subject><Activity_Tag name="ΜΑΘΗΜΑΤΙΚΑ"></Activity_Tag>
    </Hour>
    <Hour name="11:00">
      <Teacher name="Χ-ΠΙΤΣΙΝ-ΑΝΑ"></Teacher> <Teacher name="Χ-ΠΑΠΠΑΔΟΠ"></Teacher><Subject name="ΠΛΗ-ΤΕΧΝ"></Subject>
    </Hour>
    <Hour name="12:00">
      <Teacher name="Χ-ΠΙΤΣΙΝ-ΑΝΑ"></Teacher> <Teacher name="Χ-ΠΑΠΠΑΔΟΠ"></Teacher><Subject name="ΠΛΗ-ΤΕΧΝ"></Subject>
    </Hour>
    <Hour name="13:00">
      <Teacher name="ΤΣΑΟΥΣΙΔ"></Teacher><Subject name="ΟΙΚΙΑΚΗ"></Subject>
    </Hour>
    <Hour name="14:00">
      <Teacher name="ΦΙΛΟΛ-ΕΝΤ-1"></Teacher> <Teacher name="ΓΑΡΝΕΛΛΗ"></Teacher><Subject name="ΝΕΑΓ"></Subject>
    </Hour>
   </Day>
   <Day name="Tuesday">
    <Hour name="08:00">
     
    </Hour>
    <Hour name="09:00">
     
    </Hour>
    <Hour name="10:00">
      <Teacher name="ΦΙΛΟΛ-ΕΝΤ-1"></Teacher> <Teacher name="ΓΕΩΡ"></Teacher><Subject name="ΑΡΧΠ"></Subject>
    </Hour>
    <Hour name="11:00">
      <Teacher name="ΓΑΡΝΕΛΛΗ"></Teacher><Subject name="ΙΣΤΟ"></Subject><Activity_Tag name="ΦΙΛΟΛΟΓΙΚΑ"></Activity_Tag>
    </Hour>
    <Hour name="12:00">
      <Teacher name="ΕΦΗ"></Teacher><Subject name="ΓΥΜΝΑΣΤΙ"></Subject>
    </Hour>
    <Hour name="13:00">
      <Teacher name="ΒΑΣΙΛΑΚΗ"></Teacher><Subject name="ΓΑΛΛΙΚ"></Subject>
    </Hour>
    <Hour name="14:00">
      <Teacher name="ΦΙΛΟΛ-ΕΝΤ-1"></Teacher> <Teacher name="ΓΑΡΝΕΛΛΗ"></Teacher><Subject name="ΝΕΑΓ"></Subject>
    </Hour>
   </Day>
   <Day name="Wednesday">
    <Hour name="08:00">
      <Teacher name="ΒΑΣΙΛΑΚΗ"></Teacher><Subject name="ΓΑΛΛΙΚ"></Subject>
    </Hour>
    <Hour name="09:00">
      <Teacher name="ΦΑΙΤΑ"></Teacher><Subject name="ΑΓΓΠΡ"></Subject>
    </Hour>
    <Hour name="10:00">
      <Teacher name="Χ-ΠΑΠΠΑΔΟΠ"></Teacher> <Teacher name="ΔΑΣΚ-ΕΝΤΑ2-pe03"></Teacher><Subject name="ΜΑΘΗΜ"></Subject><Activity_Tag name="ΜΑΘΗΜΑΤΙΚΑ"></Activity_Tag>
    </Hour>
    <Hour name="11:00">
      <Teacher name="Χ-ΜΗΤΣΑ"></Teacher><Subject name="ΚΑΛΛΙΤ"></Subject>
    </Hour>
    <Hour name="12:00">
      <Teacher name="ΦΙΛΟΛ-ΕΝΤ-1"></Teacher> <Teacher name="ΓΑΡΝΕΛΛΗ"></Teacher><Subject name="ΝΕΑΓ"></Subject>
    </Hour>
    <Hour name="13:00">
      <Teacher name="ΚΟΡΔΑ"></Teacher><Subject name="ΜΟΥΣΙ"></Subject>
    </Hour>
    <Hour name="14:00">
     
    </Hour>
   </Day>
   <Day name="Thursday">
    <Hour name="08:00">
      <Teacher name="ΓΑΡΝΕΛΛΗ"></Teacher><Subject name="ΙΣΤΟ"></Subject><Activity_Tag name="ΦΙΛΟΛΟΓΙΚΑ"></Activity_Tag>
    </Hour>
    <Hour name="09:00">
      <Teacher name="ΦΙΛΟΛ-ΕΝΤ-1"></Teacher> <Teacher name="ΓΑΡΝΕΛΛΗ"></Teacher><Subject name="ΑΡΧΜ"></Subject>
    </Hour>
    <Hour name="10:00">
      <Teacher name="ΦΙΛΟΛ-ΕΝΤ-1"></Teacher> <Teacher name="ΓΕΩΡ"></Teacher><Subject name="ΑΡΧΠ"></Subject>
    </Hour>
    <Hour name="11:00">
      <Teacher name="Χ-ΠΑΠΠΑΔΟΠ"></Teacher> <Teacher name="ΔΑΣΚ-ΕΝΤΑ2-pe03"></Teacher><Subject name="ΜΑΘΗΜ"></Subject><Activity_Tag name="ΜΑΘΗΜΑΤΙΚΑ"></Activity_Tag>
    </Hour>
    <Hour name="12:00">
      <Teacher name="ΠΑΝΔΗ-ΑΝΑ"></Teacher><Subject name="ΘΡΗΣΚ"></Subject>
    </Hour>
    <Hour name="13:00">
      <Teacher name="Ε-ΣΚΑΦΤ"></Teacher><Subject name="ΓΕΩΓΡ"></Subject>
    </Hour>
    <Hour name="14:00">
      <Teacher name="ΕΦΗ"></Teacher><Subject name="ΓΥΜΝΑΣΤΙ"></Subject>
    </Hour>
   </Day>
   <Day name="Friday">
    <Hour name="08:00">
      <Teacher name="ΤΣΑΟΥΣΙΔ"></Teacher><Subject name="ΟΙΚΙΑΚΗ"></Subject>
    </Hour>
    <Hour name="09:00">
      <Teacher name="ΠΑΝΔΗ-ΑΝΑ"></Teacher><Subject name="ΘΡΗΣΚ"></Subject>
    </Hour>
    <Hour name="10:00">
      <Teacher name="ΦΙΛΟΛ-ΕΝΤ-1"></Teacher> <Teacher name="ΤΣΙΑ"></Teacher><Subject name="ΝΕΑΚ"></Subject>
    </Hour>
    <Hour name="11:00">
      <Teacher name="ΦΙΛΟΛ-ΕΝΤ-1"></Teacher> <Teacher name="ΓΑΡΝΕΛΛΗ"></Teacher><Subject name="ΑΡΧΜ"></Subject>
    </Hour>
    <Hour name="12:00">
      <Teacher name="Ε-ΒΑΡΘ"></Teacher> <Teacher name="ΔΑΣΚ-ΕΝΤΑ1-pe04"></Teacher><Subject name="ΦΥΣΙ"></Subject>
    </Hour>
    <Hour name="13:00">
      <Teacher name="Χ-ΠΑΠΠΑΔΟΠ"></Teacher> <Teacher name="ΔΑΣΚ-ΕΝΤΑ2-pe03"></Teacher><Subject name="ΜΑΘΗΜ"></Subject><Activity_Tag name="ΜΑΘΗΜΑΤΙΚΑ"></Activity_Tag>
    </Hour>
    <Hour name="14:00">
      <Teacher name="Ε-ΒΑΡΘ"></Teacher> <Teacher name="ΔΑΣΚ-ΕΝΤΑ1-pe04"></Teacher><Subject name="ΒΙΟΛ"></Subject>
    </Hour>
   </Day>
  </Subgroup>
  <Subgroup name="Α2 Automatic Subgroup">
   <Day name="Monday">
    <Hour name="08:00">
      <Teacher name="Χ-ΠΙΤΣΙΝ-ΑΝΑ"></Teacher> <Teacher name="Χ-ΠΑΠΠΑΔΟΠ"></Teacher><Subject name="ΠΛΗ-ΤΕΧΝ"></Subject>
    </Hour>
    <Hour name="09:00">
      <Teacher name="Χ-ΠΙΤΣΙΝ-ΑΝΑ"></Teacher> <Teacher name="Χ-ΠΑΠΠΑΔΟΠ"></Teacher><Subject name="ΠΛΗ-ΤΕΧΝ"></Subject>
    </Hour>
    <Hour name="10:00">
      <Teacher name="ΦΙΛΟΛ-ΕΝΤ-1"></Teacher> <Teacher name="ΓΕΩΡ"></Teacher><Subject name="ΝΕΑΓ"></Subject>
    </Hour>
    <Hour name="11:00">
      <Teacher name="ΦΙΛΟΛ-ΕΝΤ-1"></Teacher> <Teacher name="ΓΕΩΡ"></Teacher><Subject name="ΑΡΧΠ"></Subject>
    </Hour>
    <Hour name="12:00">
      <Teacher name="ΓΑΡΝΕΛΛΗ"></Teacher><Subject name="ΙΣΤΟ"></Subject><Activity_Tag name="ΦΙΛΟΛΟΓΙΚΑ"></Activity_Tag>
    </Hour>
    <Hour name="13:00">
      <Teacher name="ΒΑΓΙΑ"></Teacher><Subject name="ΓΕΡΜΑ"></Subject>
    </Hour>
    <Hour name="14:00">
     
    </Hour>
   </Day>
   <Day name="Tuesday">
    <Hour name="08:00">
      <Teacher name="ΕΦΗ"></Teacher><Subject name="ΓΥΜΝΑΣΤΙ"></Subject>
    </Hour>
    <Hour name="09:00">
     
    </Hour>
    <Hour name="10:00">
      <Teacher name="Χ-ΠΑΠΠΑΔΟΠ"></Teacher><Subject name="ΜΑΘΗΜ"></Subject><Activity_Tag name="ΜΑΘΗΜΑΤΙΚΑ"></Activity_Tag>
    </Hour>
    <Hour name="11:00">
      <Teacher name="ΤΣΑΟΥΣΙΔ"></Teacher><Subject name="ΟΙΚΙΑΚΗ"></Subject>
    </Hour>
    <Hour name="12:00">
      <Teacher name="ΦΙΛΟΛ-ΕΝΤ-1"></Teacher> <Teacher name="ΓΕΩΡ"></Teacher><Subject name="ΝΕΑΓ"></Subject>
    </Hour>
    <Hour name="13:00">
      <Teacher name="ΦΙΛΟΛ-ΕΝΤ-1"></Teacher> <Teacher name="ΓΕΩΡ"></Teacher><Subject name="ΑΡΧΠ"></Subject>
    </Hour>
    <Hour name="14:00">
     
    </Hour>
   </Day>
   <Day name="Wednesday">
    <Hour name="08:00">
      <Teacher name="Χ-ΜΗΤΣΑ"></Teacher><Subject name="ΚΑΛΛΙΤ"></Subject>
    </Hour>
    <Hour name="09:00">
      <Teacher name="Χ-ΠΑΠΠΑΔΟΠ"></Teacher><Subject name="ΜΑΘΗΜ"></Subject><Activity_Tag name="ΜΑΘΗΜΑΤΙΚΑ"></Activity_Tag>
    </Hour>
    <Hour name="10:00">
      <Teacher name="Ε-ΒΑΡΘ"></Teacher><Subject name="ΦΥΣΙ"></Subject><Room name="ΕΡΓ-ΦΥΣ"></Room>
    </Hour>
    <Hour name="11:00">
      <Teacher name="ΦΙΛΟΛ-ΕΝΤ-1"></Teacher> <Teacher name="ΓΕΩΡ"></Teacher><Subject name="ΑΡΧΜ"></Subject>
    </Hour>
    <Hour name="12:00">
      <Teacher name="ΒΑΓΙΑ"></Teacher><Subject name="ΓΕΡΜΑ"></Subject>
    </Hour>
    <Hour name="13:00">
      <Teacher name="Χ-ΠΑΠΠΑΔΟΠ"></Teacher><Subject name="ΜΑΘΗΜ"></Subject><Activity_Tag name="ΜΑΘΗΜΑΤΙΚΑ"></Activity_Tag>
    </Hour>
    <Hour name="14:00">
      <Teacher name="ΦΙΛΟΛ-ΕΝΤ-1"></Teacher> <Teacher name="ΜΟΝΑ"></Teacher><Subject name="ΝΕΑΚ"></Subject>
    </Hour>
   </Day>
   <Day name="Thursday">
    <Hour name="08:00">
      <Teacher name="ΦΙΛΟΛ-ΕΝΤ-1"></Teacher> <Teacher name="ΓΕΩΡ"></Teacher><Subject name="ΝΕΑΓ"></Subject>
    </Hour>
    <Hour name="09:00">
      <Teacher name="Ε-ΒΑΡΘ"></Teacher><Subject name="ΒΙΟΛ"></Subject><Room name="ΕΡΓ-ΦΥΣ"></Room>
    </Hour>
    <Hour name="10:00">
      <Teacher name="Ε-ΣΚΑΦΤ"></Teacher><Subject name="ΓΕΩΓΡ"></Subject>
    </Hour>
    <Hour name="11:00">
      <Teacher name="ΚΟΡΔΑ"></Teacher><Subject name="ΜΟΥΣΙ"></Subject>
    </Hour>
    <Hour name="12:00">
      <Teacher name="Χ-ΠΑΠΠΑΔΟΠ"></Teacher><Subject name="ΜΑΘΗΜ"></Subject><Activity_Tag name="ΜΑΘΗΜΑΤΙΚΑ"></Activity_Tag>
    </Hour>
    <Hour name="13:00">
      <Teacher name="ΦΑΙΤΑ"></Teacher> <Teacher name="ΛΥΔΙΑ"></Teacher><Subject name="ΑΓΓΠΡ"></Subject>
    </Hour>
    <Hour name="14:00">
      <Teacher name="ΠΑΝΔΗ-ΑΝΑ"></Teacher><Subject name="ΘΡΗΣΚ"></Subject>
    </Hour>
   </Day>
   <Day name="Friday">
    <Hour name="08:00">
      <Teacher name="ΕΦΗ"></Teacher><Subject name="ΓΥΜΝΑΣΤΙ"></Subject>
    </Hour>
    <Hour name="09:00">
      <Teacher name="ΤΣΑΟΥΣΙΔ"></Teacher><Subject name="ΟΙΚΙΑΚΗ"></Subject>
    </Hour>
    <Hour name="10:00">
      <Teacher name="ΦΑΙΤΑ"></Teacher> <Teacher name="ΛΥΔΙΑ"></Teacher><Subject name="ΑΓΓΠΡ"></Subject>
    </Hour>
    <Hour name="11:00">
      <Teacher name="ΠΑΝΔΗ-ΑΝΑ"></Teacher><Subject name="ΘΡΗΣΚ"></Subject>
    </Hour>
    <Hour name="12:00">
      <Teacher name="ΦΙΛΟΛ-ΕΝΤ-1"></Teacher> <Teacher name="ΓΕΩΡ"></Teacher><Subject name="ΑΡΧΜ"></Subject>
    </Hour>
    <Hour name="13:00">
      <Teacher name="ΓΑΡΝΕΛΛΗ"></Teacher><Subject name="ΙΣΤΟ"></Subject><Activity_Tag name="ΦΙΛΟΛΟΓΙΚΑ"></Activity_Tag>
    </Hour>
    <Hour name="14:00">
      <Teacher name="ΦΙΛΟΛ-ΕΝΤ-1"></Teacher> <Teacher name="ΜΟΝΑ"></Teacher><Subject name="ΝΕΑΚ"></Subject>
    </Hour>
   </Day>
  </Subgroup>
  <Subgroup name="Α3 Automatic Subgroup">
   <Day name="Monday">
    <Hour name="08:00">
      <Teacher name="ΓΕΩΡ"></Teacher><Subject name="ΝΕΑΚ"></Subject><Activity_Tag name="ΦΙΛΟΛΟΓΙΚΑ"></Activity_Tag>
    </Hour>
    <Hour name="09:00">
      <Teacher name="ΓΕΩΡ"></Teacher><Subject name="ΝΕΑΚ"></Subject><Activity_Tag name="ΦΙΛΟΛΟΓΙΚΑ"></Activity_Tag>
    </Hour>
    <Hour name="10:00">
      <Teacher name="ΕΦΗ"></Teacher><Subject name="ΓΥΜΝΑΣΤΙ"></Subject>
    </Hour>
    <Hour name="11:00">
     
    </Hour>
    <Hour name="12:00">
      <Teacher name="Ε-ΒΑΡΘ"></Teacher><Subject name="ΦΥΣΙ"></Subject><Room name="ΕΡΓ-ΦΥΣ"></Room>
    </Hour>
    <Hour name="13:00">
      <Teacher name="ΓΑΡΝΕΛΛΗ"></Teacher><Subject name="ΙΣΤΟ"></Subject><Activity_Tag name="ΦΙΛΟΛΟΓΙΚΑ"></Activity_Tag>
    </Hour>
    <Hour name="14:00">
      <Teacher name="ΤΣΑΟΥΣΙΔ"></Teacher><Subject name="ΟΙΚΙΑΚΗ"></Subject>
    </Hour>
   </Day>
   <Day name="Tuesday">
    <Hour name="08:00">
      <Teacher name="ΓΕΩΡ"></Teacher><Subject name="ΑΡΧΠ"></Subject><Activity_Tag name="ΦΙΛΟΛΟΓΙΚΑ"></Activity_Tag>
    </Hour>
    <Hour name="09:00">
      <Teacher name="ΓΕΩΡ"></Teacher><Subject name="ΑΡΧΠ"></Subject><Activity_Tag name="ΦΙΛΟΛΟΓΙΚΑ"></Activity_Tag>
    </Hour>
    <Hour name="10:00">
      <Teacher name="ΕΦΗ"></Teacher><Subject name="ΓΥΜΝΑΣΤΙ"></Subject>
    </Hour>
    <Hour name="11:00">
      <Teacher name="Ε-ΒΑΡΘ"></Teacher><Subject name="ΒΙΟΛ"></Subject><Room name="ΕΡΓ-ΦΥΣ"></Room>
    </Hour>
    <Hour name="12:00">
      <Teacher name="Χ-ΠΑΠΠΑΔΟΠ"></Teacher><Subject name="ΜΑΘΗΜ"></Subject><Activity_Tag name="ΜΑΘΗΜΑΤΙΚΑ"></Activity_Tag>
    </Hour>
    <Hour name="13:00">
      <Teacher name="Χ-ΠΙΤΣΙΝ-ΑΝΑ"></Teacher> <Teacher name="Χ-ΠΑΠΠΑΔΟΠ"></Teacher><Subject name="ΠΛΗ-ΤΕΧΝ"></Subject>
    </Hour>
    <Hour name="14:00">
      <Teacher name="Χ-ΠΙΤΣΙΝ-ΑΝΑ"></Teacher> <Teacher name="Χ-ΠΑΠΠΑΔΟΠ"></Teacher><Subject name="ΠΛΗ-ΤΕΧΝ"></Subject>
    </Hour>
   </Day>
   <Day name="Wednesday">
    <Hour name="08:00">
      <Teacher name="ΓΕΩΡ"></Teacher><Subject name="ΝΕΑΓ"></Subject><Activity_Tag name="ΦΙΛΟΛΟΓΙΚΑ"></Activity_Tag>
    </Hour>
    <Hour name="09:00">
      <Teacher name="ΓΕΩΡ"></Teacher><Subject name="ΝΕΑΓ"></Subject><Activity_Tag name="ΦΙΛΟΛΟΓΙΚΑ"></Activity_Tag>
    </Hour>
    <Hour name="10:00">
      <Teacher name="ΓΕΩΡ"></Teacher><Subject name="ΝΕΑΓ"></Subject><Activity_Tag name="ΦΙΛΟΛΟΓΙΚΑ"></Activity_Tag>
    </Hour>
    <Hour name="11:00">
      <Teacher name="ΓΑΡΝΕΛΛΗ"></Teacher><Subject name="ΙΣΤΟ"></Subject><Activity_Tag name="ΦΙΛΟΛΟΓΙΚΑ"></Activity_Tag>
    </Hour>
    <Hour name="12:00">
      <Teacher name="Χ-ΠΑΠΠΑΔΟΠ"></Teacher><Subject name="ΜΑΘΗΜ"></Subject><Activity_Tag name="ΜΑΘΗΜΑΤΙΚΑ"></Activity_Tag>
    </Hour>
    <Hour name="13:00">
      <Teacher name="ΒΑΓΙΑ"></Teacher><Subject name="ΓΕΡΜΑ"></Subject>
    </Hour>
    <Hour name="14:00">
      <Teacher name="ΤΣΑΟΥΣΙΔ"></Teacher><Subject name="ΟΙΚΙΑΚΗ"></Subject>
    </Hour>
   </Day>
   <Day name="Thursday">
    <Hour name="08:00">
      <Teacher name="Ε-ΣΚΑΦΤ"></Teacher><Subject name="ΓΕΩΓΡ"></Subject>
    </Hour>
    <Hour name="09:00">
      <Teacher name="Χ-ΠΑΠΠΑΔΟΠ"></Teacher><Subject name="ΜΑΘΗΜ"></Subject><Activity_Tag name="ΜΑΘΗΜΑΤΙΚΑ"></Activity_Tag>
    </Hour>
    <Hour name="10:00">
      <Teacher name="Χ-ΜΗΤΣΑ"></Teacher><Subject name="ΚΑΛΛΙΤ"></Subject>
    </Hour>
    <Hour name="11:00">
      <Teacher name="ΠΑΝΔΗ-ΑΝΑ"></Teacher><Subject name="ΘΡΗΣΚ"></Subject>
    </Hour>
    <Hour name="12:00">
      <Teacher name="ΒΑΓΙΑ"></Teacher><Subject name="ΓΕΡΜΑ"></Subject>
    </Hour>
    <Hour name="13:00">
      <Teacher name="ΦΑΙΤΑ"></Teacher> <Teacher name="ΛΥΔΙΑ"></Teacher><Subject name="ΑΓΓΠΡ"></Subject>
    </Hour>
    <Hour name="14:00">
     
    </Hour>
   </Day>
   <Day name="Friday">
    <Hour name="08:00">
     
    </Hour>
    <Hour name="09:00">
      <Teacher name="ΚΟΡΔΑ"></Teacher><Subject name="ΜΟΥΣΙ"></Subject>
    </Hour>
    <Hour name="10:00">
      <Teacher name="ΦΑΙΤΑ"></Teacher> <Teacher name="ΛΥΔΙΑ"></Teacher><Subject name="ΑΓΓΠΡ"></Subject>
    </Hour>
    <Hour name="11:00">
      <Teacher name="Χ-ΠΑΠΠΑΔΟΠ"></Teacher><Subject name="ΜΑΘΗΜ"></Subject><Activity_Tag name="ΜΑΘΗΜΑΤΙΚΑ"></Activity_Tag>
    </Hour>
    <Hour name="12:00">
      <Teacher name="ΠΑΝΔΗ-ΑΝΑ"></Teacher><Subject name="ΘΡΗΣΚ"></Subject>
    </Hour>
    <Hour name="13:00">
      <Teacher name="ΓΕΩΡ"></Teacher><Subject name="ΑΡΧΜ"></Subject><Activity_Tag name="ΦΙΛΟΛΟΓΙΚΑ"></Activity_Tag>
    </Hour>
    <Hour name="14:00">
      <Teacher name="ΓΕΩΡ"></Teacher><Subject name="ΑΡΧΜ"></Subject><Activity_Tag name="ΦΙΛΟΛΟΓΙΚΑ"></Activity_Tag>
    </Hour>
   </Day>
  </Subgroup>
  <Subgroup name="Β1* Automatic Subgroup">
   <Day name="Monday">
    <Hour name="08:00">
     
    </Hour>
    <Hour name="09:00">
      <Teacher name="ΠΑΝΔ"></Teacher><Subject name="ΘΡΗΣΚ"></Subject>
    </Hour>
    <Hour name="10:00">
      <Teacher name="ΧΥΣΣ"></Teacher><Subject name="ΙΣΤΟ"></Subject>
    </Hour>
    <Hour name="11:00">
      <Teacher name="Μ-ΠΑΝΟΥ"></Teacher> <Teacher name="ΚΥΡΙΑΚΗ-ΕΝΤ-ΜΑΘΗΜ"></Teacher><Subject name="ΜΑΘΗΜ"></Subject><Activity_Tag name="ΜΑΘΗΜΑΤΙΚΑ"></Activity_Tag>
    </Hour>
    <Hour name="12:00">
      <Teacher name="ΦΙΛΟΛ-ΕΝΤ-1"></Teacher> <Teacher name="ΣΑΙΤ"></Teacher><Subject name="ΝΕΑΚ"></Subject>
    </Hour>
    <Hour name="13:00">
     
    </Hour>
    <Hour name="14:00">
      <Teacher name="ΒΑΣΙΛΑΚΗ"></Teacher><Subject name="ΓΑΛΛΙΚ"></Subject>
    </Hour>
   </Day>
   <Day name="Tuesday">
    <Hour name="08:00">
     
    </Hour>
    <Hour name="09:00">
      <Teacher name="Ε-ΒΑΡΘ"></Teacher> <Teacher name="ΔΑΣΚ-ΕΝΤΑ1-pe04"></Teacher><Subject name="ΧΗΜΕ"></Subject>
    </Hour>
    <Hour name="10:00">
      <Teacher name="Μ-ΠΑΝΟΥ"></Teacher> <Teacher name="ΚΥΡΙΑΚΗ-ΕΝΤ-ΜΑΘΗΜ"></Teacher><Subject name="ΜΑΘΗΜ"></Subject><Activity_Tag name="ΜΑΘΗΜΑΤΙΚΑ"></Activity_Tag>
    </Hour>
    <Hour name="11:00">
      <Teacher name="ΣΑΙΤ"></Teacher><Subject name="ΑΡΧΠ"></Subject><Activity_Tag name="ΦΙΛΟΛΟΓΙΚΑ"></Activity_Tag>
    </Hour>
    <Hour name="12:00">
      <Teacher name="ΣΑΙΤ"></Teacher><Subject name="ΑΡΧΠ"></Subject><Activity_Tag name="ΦΙΛΟΛΟΓΙΚΑ"></Activity_Tag>
    </Hour>
    <Hour name="13:00">
      <Teacher name="ΤΣΑΟΥΣΙΔ"></Teacher><Subject name="ΓΥΜΝΑΣΤΙ"></Subject>
    </Hour>
    <Hour name="14:00">
      <Teacher name="ΦΑΙΤΑ"></Teacher> <Teacher name="ΛΥΔΙΑ"></Teacher><Subject name="ΑΓΓΛΙΚΑ"></Subject>
    </Hour>
   </Day>
   <Day name="Wednesday">
    <Hour name="08:00">
      <Teacher name="ΠΑΝΔ"></Teacher><Subject name="ΘΡΗΣΚ"></Subject>
    </Hour>
    <Hour name="09:00">
      <Teacher name="Χ-ΜΗΤΣΑ"></Teacher><Subject name="ΚΑΛΛΙΤ"></Subject>
    </Hour>
    <Hour name="10:00">
      <Teacher name="ΦΙΛΟΛ-ΕΝΤ-1"></Teacher> <Teacher name="ΣΑΙΤ"></Teacher><Subject name="ΝΕΑΚ"></Subject>
    </Hour>
    <Hour name="11:00">
      <Teacher name="Μ-ΠΑΝΟΥ"></Teacher> <Teacher name="ΚΥΡΙΑΚΗ-ΕΝΤ-ΜΑΘΗΜ"></Teacher><Subject name="ΜΑΘΗΜ"></Subject><Activity_Tag name="ΜΑΘΗΜΑΤΙΚΑ"></Activity_Tag>
    </Hour>
    <Hour name="12:00">
      <Teacher name="ΧΥΣΣ"></Teacher><Subject name="ΙΣΤΟ"></Subject>
    </Hour>
    <Hour name="13:00">
      <Teacher name="Χ-ΠΙΤΣΙ"></Teacher> <Teacher name="Χ-ΔΑΦΝ"></Teacher><Subject name="ΠΛΗ-ΤΕΧΝ"></Subject>
    </Hour>
    <Hour name="14:00">
      <Teacher name="Χ-ΠΙΤΣΙ"></Teacher> <Teacher name="Χ-ΔΑΦΝ"></Teacher><Subject name="ΠΛΗ-ΤΕΧΝ"></Subject>
    </Hour>
   </Day>
   <Day name="Thursday">
    <Hour name="08:00">
      <Teacher name="Ε-ΒΑΡΘ"></Teacher> <Teacher name="ΔΑΣΚ-ΕΝΤΑ1-pe04"></Teacher><Subject name="ΦΥΣΙ"></Subject>
    </Hour>
    <Hour name="09:00">
      <Teacher name="ΣΑΙΤ"></Teacher><Subject name="ΑΡΧΜ"></Subject><Activity_Tag name="ΦΙΛΟΛΟΓΙΚΑ"></Activity_Tag>
    </Hour>
    <Hour name="10:00">
      <Teacher name="ΣΑΙΤ"></Teacher><Subject name="ΑΡΧΜ"></Subject><Activity_Tag name="ΦΙΛΟΛΟΓΙΚΑ"></Activity_Tag>
    </Hour>
    <Hour name="11:00">
      <Teacher name="ΤΣΑΟΥΣΙΔ"></Teacher><Subject name="ΓΥΜΝΑΣΤΙ"></Subject>
    </Hour>
    <Hour name="12:00">
      <Teacher name="Ε-ΣΚΑΦΤ"></Teacher><Subject name="ΓΕΩΓΡ"></Subject>
    </Hour>
    <Hour name="13:00">
      <Teacher name="ΒΑΣΙΛΑΚΗ"></Teacher><Subject name="ΓΑΛΛΙΚ"></Subject>
    </Hour>
    <Hour name="14:00">
      <Teacher name="ΦΑΙΤΑ"></Teacher> <Teacher name="ΛΥΔΙΑ"></Teacher><Subject name="ΑΓΓΛΙΚΑ"></Subject>
    </Hour>
   </Day>
   <Day name="Friday">
    <Hour name="08:00">
      <Teacher name="ΣΑΙΤ"></Teacher><Subject name="ΝΕΑΚ"></Subject><Activity_Tag name="ΦΙΛΟΛΟΓΙΚΑ"></Activity_Tag>
    </Hour>
    <Hour name="09:00">
      <Teacher name="ΣΑΙΤ"></Teacher><Subject name="ΝΕΑΚ"></Subject><Activity_Tag name="ΦΙΛΟΛΟΓΙΚΑ"></Activity_Tag>
    </Hour>
    <Hour name="10:00">
      <Teacher name="Ε-ΒΑΡΘ"></Teacher> <Teacher name="ΔΑΣΚ-ΕΝΤΑ1-pe04"></Teacher><Subject name="ΦΥΣΙ"></Subject>
    </Hour>
    <Hour name="11:00">
      <Teacher name="Ε-ΠΕΤΡΟΠ"></Teacher> <Teacher name="ΔΑΣΚ-ΕΝΤΑ1-pe04"></Teacher><Subject name="ΒΙΟΛ"></Subject>
    </Hour>
    <Hour name="12:00">
      <Teacher name="Μ-ΠΑΝΟΥ"></Teacher> <Teacher name="ΚΥΡΙΑΚΗ-ΕΝΤ-ΜΑΘΗΜ"></Teacher><Subject name="ΜΑΘΗΜ"></Subject><Activity_Tag name="ΜΑΘΗΜΑΤΙΚΑ"></Activity_Tag>
    </Hour>
    <Hour name="13:00">
      <Teacher name="ΚΟΡΔΑ"></Teacher><Subject name="ΜΟΥΣΙ"></Subject>
    </Hour>
    <Hour name="14:00">
      <Teacher name="Ε-ΣΚΑΦΤ"></Teacher><Subject name="ΓΕΩΓΡ"></Subject>
    </Hour>
   </Day>
  </Subgroup>
  <Subgroup name="Β2* Automatic Subgroup">
   <Day name="Monday">
    <Hour name="08:00">
      <Teacher name="ΠΑΝΔ"></Teacher><Subject name="ΘΡΗΣΚ"></Subject>
    </Hour>
    <Hour name="09:00">
      <Teacher name="ΣΑΙΤ"></Teacher><Subject name="ΝΕΑΓ"></Subject><Activity_Tag name="ΦΙΛΟΛΟΓΙΚΑ"></Activity_Tag>
    </Hour>
    <Hour name="10:00">
      <Teacher name="ΣΑΙΤ"></Teacher><Subject name="ΝΕΑΓ"></Subject><Activity_Tag name="ΦΙΛΟΛΟΓΙΚΑ"></Activity_Tag>
    </Hour>
    <Hour name="11:00">
      <Teacher name="Ε-ΒΑΡΘ"></Teacher> <Teacher name="ΔΑΣΚ-ΕΝΤΑ1-pe04"></Teacher><Subject name="ΧΗΜΕ"></Subject>
    </Hour>
    <Hour name="12:00">
      <Teacher name="ΧΥΣΣ"></Teacher><Subject name="ΙΣΤΟ"></Subject>
    </Hour>
    <Hour name="13:00">
      <Teacher name="ΕΦΗ"></Teacher><Subject name="ΓΥΜΝΑΣΤΙ"></Subject>
    </Hour>
    <Hour name="14:00">
     
    </Hour>
   </Day>
   <Day name="Tuesday">
    <Hour name="08:00">
     
    </Hour>
    <Hour name="09:00">
      <Teacher name="ΣΑΙΤ"></Teacher><Subject name="ΑΡΧΠ"></Subject><Activity_Tag name="ΦΙΛΟΛΟΓΙΚΑ"></Activity_Tag>
    </Hour>
    <Hour name="10:00">
      <Teacher name="ΣΑΙΤ"></Teacher><Subject name="ΑΡΧΠ"></Subject><Activity_Tag name="ΦΙΛΟΛΟΓΙΚΑ"></Activity_Tag>
    </Hour>
    <Hour name="11:00">
      <Teacher name="ΧΥΣΣ"></Teacher><Subject name="ΙΣΤΟ"></Subject>
    </Hour>
    <Hour name="12:00">
      <Teacher name="Μ-ΠΑΝΟΥ"></Teacher> <Teacher name="ΚΥΡΙΑΚΗ-ΕΝΤ-ΜΑΘΗΜ"></Teacher><Subject name="ΜΑΘΗΜ"></Subject><Activity_Tag name="ΜΑΘΗΜΑΤΙΚΑ"></Activity_Tag>
    </Hour>
    <Hour name="13:00">
      <Teacher name="ΠΑΝΔ"></Teacher><Subject name="ΘΡΗΣΚ"></Subject>
    </Hour>
    <Hour name="14:00">
      <Teacher name="ΦΑΙΤΑ"></Teacher> <Teacher name="ΛΥΔΙΑ"></Teacher><Subject name="ΑΓΓΛΙΚΑ"></Subject>
    </Hour>
   </Day>
   <Day name="Wednesday">
    <Hour name="08:00">
      <Teacher name="Ε-ΣΚΑΦΤ"></Teacher><Subject name="ΓΕΩΓΡ"></Subject>
    </Hour>
    <Hour name="09:00">
      <Teacher name="Ε-ΣΚΑΦΤ"></Teacher> <Teacher name="ΔΑΣΚ-ΕΝΤΑ1-pe04"></Teacher><Subject name="ΦΥΣΙ"></Subject>
    </Hour>
    <Hour name="10:00">
      <Teacher name="Μ-ΠΑΝΟΥ"></Teacher> <Teacher name="ΚΥΡΙΑΚΗ-ΕΝΤ-ΜΑΘΗΜ"></Teacher><Subject name="ΜΑΘΗΜ"></Subject><Activity_Tag name="ΜΑΘΗΜΑΤΙΚΑ"></Activity_Tag>
    </Hour>
    <Hour name="11:00">
      <Teacher name="Χ-ΠΙΤΣΙ"></Teacher> <Teacher name="Χ-ΔΑΦΝ"></Teacher><Subject name="ΠΛΗ-ΤΕΧΝ"></Subject>
    </Hour>
    <Hour name="12:00">
      <Teacher name="Χ-ΠΙΤΣΙ"></Teacher> <Teacher name="Χ-ΔΑΦΝ"></Teacher><Subject name="ΠΛΗ-ΤΕΧΝ"></Subject>
    </Hour>
    <Hour name="13:00">
      <Teacher name="ΣΑΙΤ"></Teacher><Subject name="ΝΕΑΚ"></Subject><Activity_Tag name="ΦΙΛΟΛΟΓΙΚΑ"></Activity_Tag>
    </Hour>
    <Hour name="14:00">
      <Teacher name="ΣΑΙΤ"></Teacher><Subject name="ΝΕΑΚ"></Subject><Activity_Tag name="ΦΙΛΟΛΟΓΙΚΑ"></Activity_Tag>
    </Hour>
   </Day>
   <Day name="Thursday">
    <Hour name="08:00">
      <Teacher name="Μ-ΠΑΝΟΥ"></Teacher> <Teacher name="ΚΥΡΙΑΚΗ-ΕΝΤ-ΜΑΘΗΜ"></Teacher><Subject name="ΜΑΘΗΜ"></Subject><Activity_Tag name="ΜΑΘΗΜΑΤΙΚΑ"></Activity_Tag>
    </Hour>
    <Hour name="09:00">
      <Teacher name="Ε-ΣΚΑΦΤ"></Teacher> <Teacher name="ΔΑΣΚ-ΕΝΤΑ1-pe04"></Teacher><Subject name="ΦΥΣΙ"></Subject>
    </Hour>
    <Hour name="10:00">
      <Teacher name="Ε-ΒΑΡΘ"></Teacher> <Teacher name="ΔΑΣΚ-ΕΝΤΑ1-pe04"></Teacher><Subject name="ΒΙΟΛ"></Subject>
    </Hour>
    <Hour name="11:00">
      <Teacher name="ΒΑΓΙΑ"></Teacher><Subject name="ΓΕΡΜΑ"></Subject>
    </Hour>
    <Hour name="12:00">
      <Teacher name="ΣΑΙΤ"></Teacher><Subject name="ΑΡΧΜ"></Subject><Activity_Tag name="ΦΙΛΟΛΟΓΙΚΑ"></Activity_Tag>
    </Hour>
    <Hour name="13:00">
      <Teacher name="ΣΑΙΤ"></Teacher><Subject name="ΑΡΧΜ"></Subject><Activity_Tag name="ΦΙΛΟΛΟΓΙΚΑ"></Activity_Tag>
    </Hour>
    <Hour name="14:00">
      <Teacher name="ΦΑΙΤΑ"></Teacher> <Teacher name="ΛΥΔΙΑ"></Teacher><Subject name="ΑΓΓΛΙΚΑ"></Subject>
    </Hour>
   </Day>
   <Day name="Friday">
    <Hour name="08:00">
      <Teacher name="Χ-ΜΗΤΣΑ"></Teacher><Subject name="ΚΑΛΛΙΤ"></Subject>
    </Hour>
    <Hour name="09:00">
      <Teacher name="Μ-ΠΑΝΟΥ"></Teacher> <Teacher name="ΚΥΡΙΑΚΗ-ΕΝΤ-ΜΑΘΗΜ"></Teacher><Subject name="ΜΑΘΗΜ"></Subject><Activity_Tag name="ΜΑΘΗΜΑΤΙΚΑ"></Activity_Tag>
    </Hour>
    <Hour name="10:00">
      <Teacher name="ΕΦΗ"></Teacher><Subject name="ΓΥΜΝΑΣΤΙ"></Subject>
    </Hour>
    <Hour name="11:00">
      <Teacher name="ΚΟΡΔΑ"></Teacher><Subject name="ΜΟΥΣΙ"></Subject>
    </Hour>
    <Hour name="12:00">
      <Teacher name="Ε-ΣΚΑΦΤ"></Teacher><Subject name="ΓΕΩΓΡ"></Subject>
    </Hour>
    <Hour name="13:00">
      <Teacher name="ΒΑΓΙΑ"></Teacher><Subject name="ΓΕΡΜΑ"></Subject>
    </Hour>
    <Hour name="14:00">
     
    </Hour>
   </Day>
  </Subgroup>
  <Subgroup name="Β3* Automatic Subgroup">
   <Day name="Monday">
    <Hour name="08:00">
      <Teacher name="Μ-ΠΑΝΟΥ"></Teacher> <Teacher name="ΚΥΡΙΑΚΗ-ΕΝΤ-ΜΑΘΗΜ"></Teacher><Subject name="ΜΑΘΗΜ"></Subject><Activity_Tag name="ΜΑΘΗΜΑΤΙΚΑ"></Activity_Tag>
    </Hour>
    <Hour name="09:00">
      <Teacher name="Ε-ΒΑΡΘ"></Teacher> <Teacher name="ΔΑΣΚ-ΕΝΤΑ1-pe04"></Teacher><Subject name="ΦΥΣΙ"></Subject>
    </Hour>
    <Hour name="10:00">
      <Teacher name="ΠΑΠΠΑ"></Teacher><Subject name="ΝΕΑΓ"></Subject><Activity_Tag name="ΦΙΛΟΛΟΓΙΚΑ"></Activity_Tag>
    </Hour>
    <Hour name="11:00">
      <Teacher name="ΠΑΠΠΑ"></Teacher><Subject name="ΝΕΑΓ"></Subject><Activity_Tag name="ΦΙΛΟΛΟΓΙΚΑ"></Activity_Tag>
    </Hour>
    <Hour name="12:00">
      <Teacher name="ΕΦΗ"></Teacher><Subject name="ΓΥΜΝΑΣΤΙ"></Subject>
    </Hour>
    <Hour name="13:00">
      <Teacher name="ΧΥΣΣ"></Teacher><Subject name="ΙΣΤΟ"></Subject>
    </Hour>
    <Hour name="14:00">
     
    </Hour>
   </Day>
   <Day name="Tuesday">
    <Hour name="08:00">
      <Teacher name="Ε-ΒΑΡΘ"></Teacher> <Teacher name="ΔΑΣΚ-ΕΝΤΑ1-pe04"></Teacher><Subject name="ΦΥΣΙ"></Subject>
    </Hour>
    <Hour name="09:00">
      <Teacher name="ΠΑΠΠΑ"></Teacher><Subject name="ΝΕΑΚ"></Subject><Activity_Tag name="ΦΙΛΟΛΟΓΙΚΑ"></Activity_Tag>
    </Hour>
    <Hour name="10:00">
      <Teacher name="ΠΑΠΠΑ"></Teacher><Subject name="ΝΕΑΚ"></Subject><Activity_Tag name="ΦΙΛΟΛΟΓΙΚΑ"></Activity_Tag>
    </Hour>
    <Hour name="11:00">
      <Teacher name="Ε-ΠΕΤΡΟΠ"></Teacher> <Teacher name="ΔΑΣΚ-ΕΝΤΑ1-pe04"></Teacher><Subject name="ΒΙΟΛ"></Subject>
    </Hour>
    <Hour name="12:00">
      <Teacher name="ΠΑΠΠΑ"></Teacher><Subject name="ΑΡΧΠ"></Subject><Activity_Tag name="ΦΙΛΟΛΟΓΙΚΑ"></Activity_Tag>
    </Hour>
    <Hour name="13:00">
      <Teacher name="ΠΑΠΠΑ"></Teacher><Subject name="ΑΡΧΠ"></Subject><Activity_Tag name="ΦΙΛΟΛΟΓΙΚΑ"></Activity_Tag>
    </Hour>
    <Hour name="14:00">
      <Teacher name="ΧΥΣΣ"></Teacher><Subject name="ΙΣΤΟ"></Subject>
    </Hour>
   </Day>
   <Day name="Wednesday">
    <Hour name="08:00">
      <Teacher name="Μ-ΠΑΝΟΥ"></Teacher> <Teacher name="ΚΥΡΙΑΚΗ-ΕΝΤ-ΜΑΘΗΜ"></Teacher><Subject name="ΜΑΘΗΜ"></Subject><Activity_Tag name="ΜΑΘΗΜΑΤΙΚΑ"></Activity_Tag>
    </Hour>
    <Hour name="09:00">
      <Teacher name="ΒΑΣΙΛΑΚΗ"></Teacher> <Teacher name="ΒΑΓΙΑ"></Teacher><Subject name="ΓΕΡΜΑ"></Subject>
    </Hour>
    <Hour name="10:00">
      <Teacher name="Χ-ΜΗΤΣΑ"></Teacher><Subject name="ΚΑΛΛΙΤ"></Subject>
    </Hour>
    <Hour name="11:00">
      <Teacher name="ΠΑΝΔ"></Teacher><Subject name="ΘΡΗΣΚ"></Subject>
    </Hour>
    <Hour name="12:00">
      <Teacher name="Ε-ΣΚΑΦΤ"></Teacher><Subject name="ΓΕΩΓΡ"></Subject>
    </Hour>
    <Hour name="13:00">
      <Teacher name="ΕΦΗ"></Teacher><Subject name="ΓΥΜΝΑΣΤΙ"></Subject>
    </Hour>
    <Hour name="14:00">
      <Teacher name="ΚΟΡΔΑ"></Teacher><Subject name="ΜΟΥΣΙ"></Subject>
    </Hour>
   </Day>
   <Day name="Thursday">
    <Hour name="08:00">
     
    </Hour>
    <Hour name="09:00">
      <Teacher name="Μ-ΠΑΝΟΥ"></Teacher> <Teacher name="ΚΥΡΙΑΚΗ-ΕΝΤ-ΜΑΘΗΜ"></Teacher><Subject name="ΜΑΘΗΜ"></Subject><Activity_Tag name="ΜΑΘΗΜΑΤΙΚΑ"></Activity_Tag>
    </Hour>
    <Hour name="10:00">
      <Teacher name="Χ-ΠΙΤΣΙ"></Teacher> <Teacher name="Χ-ΔΑΦΝ"></Teacher><Subject name="ΠΛΗ-ΤΕΧΝ"></Subject>
    </Hour>
    <Hour name="11:00">
      <Teacher name="Χ-ΠΙΤΣΙ"></Teacher> <Teacher name="Χ-ΔΑΦΝ"></Teacher><Subject name="ΠΛΗ-ΤΕΧΝ"></Subject>
    </Hour>
    <Hour name="12:00">
      <Teacher name="ΦΑΙΤΑ"></Teacher> <Teacher name="ΛΥΔΙΑ"></Teacher><Subject name="ΑΓΓΛΙΚΑ"></Subject>
    </Hour>
    <Hour name="13:00">
      <Teacher name="ΠΑΠΠΑ"></Teacher><Subject name="ΑΡΧΜ"></Subject><Activity_Tag name="ΦΙΛΟΛΟΓΙΚΑ"></Activity_Tag>
    </Hour>
    <Hour name="14:00">
      <Teacher name="ΠΑΠΠΑ"></Teacher><Subject name="ΑΡΧΜ"></Subject><Activity_Tag name="ΦΙΛΟΛΟΓΙΚΑ"></Activity_Tag>
    </Hour>
   </Day>
   <Day name="Friday">
    <Hour name="08:00">
      <Teacher name="ΦΑΙΤΑ"></Teacher> <Teacher name="ΛΥΔΙΑ"></Teacher><Subject name="ΑΓΓΛΙΚΑ"></Subject>
    </Hour>
    <Hour name="09:00">
      <Teacher name="Ε-ΒΑΡΘ"></Teacher> <Teacher name="ΔΑΣΚ-ΕΝΤΑ1-pe04"></Teacher><Subject name="ΧΗΜΕ"></Subject>
    </Hour>
    <Hour name="10:00">
      <Teacher name="Μ-ΠΑΝΟΥ"></Teacher> <Teacher name="ΚΥΡΙΑΚΗ-ΕΝΤ-ΜΑΘΗΜ"></Teacher><Subject name="ΜΑΘΗΜ"></Subject><Activity_Tag name="ΜΑΘΗΜΑΤΙΚΑ"></Activity_Tag>
    </Hour>
    <Hour name="11:00">
      <Teacher name="ΠΑΝΔ"></Teacher><Subject name="ΘΡΗΣΚ"></Subject>
    </Hour>
    <Hour name="12:00">
      <Teacher name="ΒΑΣΙΛΑΚΗ"></Teacher> <Teacher name="ΒΑΓΙΑ"></Teacher><Subject name="ΓΕΡΜΑ"></Subject>
    </Hour>
    <Hour name="13:00">
      <Teacher name="Ε-ΣΚΑΦΤ"></Teacher><Subject name="ΓΕΩΓΡ"></Subject>
    </Hour>
    <Hour name="14:00">
     
    </Hour>
   </Day>
  </Subgroup>
  <Subgroup name="Β4 Automatic Subgroup">
   <Day name="Monday">
    <Hour name="08:00">
      <Teacher name="ΠΑΠΠΑ"></Teacher><Subject name="ΝΕΑΚ"></Subject><Activity_Tag name="ΦΙΛΟΛΟΓΙΚΑ"></Activity_Tag>
    </Hour>
    <Hour name="09:00">
      <Teacher name="ΠΑΠΠΑ"></Teacher><Subject name="ΝΕΑΚ"></Subject><Activity_Tag name="ΦΙΛΟΛΟΓΙΚΑ"></Activity_Tag>
    </Hour>
    <Hour name="10:00">
      <Teacher name="Μ-ΕΜΙΛΙΑ"></Teacher><Subject name="ΓΕΩΓΡ"></Subject>
    </Hour>
    <Hour name="11:00">
      <Teacher name="Μ-ΕΜΙΛΙΑ"></Teacher><Subject name="ΜΑΘΗΜ"></Subject><Activity_Tag name="ΜΑΘΗΜΑΤΙΚΑ"></Activity_Tag>
    </Hour>
    <Hour name="12:00">
      <Teacher name="ΠΑΠΠΑ"></Teacher><Subject name="ΑΡΧΠ"></Subject><Activity_Tag name="ΦΙΛΟΛΟΓΙΚΑ"></Activity_Tag>
    </Hour>
    <Hour name="13:00">
      <Teacher name="ΠΑΠΠΑ"></Teacher><Subject name="ΑΡΧΠ"></Subject><Activity_Tag name="ΦΙΛΟΛΟΓΙΚΑ"></Activity_Tag>
    </Hour>
    <Hour name="14:00">
     
    </Hour>
   </Day>
   <Day name="Tuesday">
    <Hour name="08:00">
     
    </Hour>
    <Hour name="09:00">
      <Teacher name="Μ-ΕΜΙΛΙΑ"></Teacher><Subject name="ΜΑΘΗΜ"></Subject><Activity_Tag name="ΜΑΘΗΜΑΤΙΚΑ"></Activity_Tag>
    </Hour>
    <Hour name="10:00">
      <Teacher name="Χ-ΔΑΦΝ"></Teacher><Subject name="ΠΛΗΡ"></Subject>
    </Hour>
    <Hour name="11:00">
      <Teacher name="ΠΑΝΔ"></Teacher><Subject name="ΘΡΗΣΚ"></Subject>
    </Hour>
    <Hour name="12:00">
      <Teacher name="Χ-ΠΙΤΣΙ"></Teacher><Subject name="ΠΛΗ-ΤΕΧΝ"></Subject>
    </Hour>
    <Hour name="13:00">
      <Teacher name="ΒΑΓΙΑ"></Teacher><Subject name="ΓΕΡΜΑ"></Subject>
    </Hour>
    <Hour name="14:00">
      <Teacher name="ΤΣΑΟΥΣΙΔ"></Teacher><Subject name="ΓΥΜΝΑΣΤΙ"></Subject>
    </Hour>
   </Day>
   <Day name="Wednesday">
    <Hour name="08:00">
      <Teacher name="ΠΑΠΠΑ"></Teacher><Subject name="ΝΕΑΓ"></Subject><Activity_Tag name="ΦΙΛΟΛΟΓΙΚΑ"></Activity_Tag>
    </Hour>
    <Hour name="09:00">
      <Teacher name="ΠΑΠΠΑ"></Teacher><Subject name="ΝΕΑΓ"></Subject><Activity_Tag name="ΦΙΛΟΛΟΓΙΚΑ"></Activity_Tag>
    </Hour>
    <Hour name="10:00">
      <Teacher name="ΒΑΓΙΑ"></Teacher><Subject name="ΓΕΡΜΑ"></Subject>
    </Hour>
    <Hour name="11:00">
      <Teacher name="Μ-ΕΜΙΛΙΑ"></Teacher><Subject name="ΜΑΘΗΜ"></Subject><Activity_Tag name="ΜΑΘΗΜΑΤΙΚΑ"></Activity_Tag>
    </Hour>
    <Hour name="12:00">
      <Teacher name="ΠΑΝΔ"></Teacher><Subject name="ΘΡΗΣΚ"></Subject>
    </Hour>
    <Hour name="13:00">
      <Teacher name="Ε-ΒΑΡΘ"></Teacher><Subject name="ΦΥΣΙ"></Subject><Room name="ΕΡΓ-ΦΥΣ"></Room>
    </Hour>
    <Hour name="14:00">
      <Teacher name="ΧΥΣΣ"></Teacher><Subject name="ΙΣΤΟ"></Subject>
    </Hour>
   </Day>
   <Day name="Thursday">
    <Hour name="08:00">
      <Teacher name="Μ-ΕΜΙΛΙΑ"></Teacher><Subject name="ΜΑΘΗΜ"></Subject><Activity_Tag name="ΜΑΘΗΜΑΤΙΚΑ"></Activity_Tag>
    </Hour>
    <Hour name="09:00">
      <Teacher name="ΤΣΑΟΥΣΙΔ"></Teacher><Subject name="ΓΥΜΝΑΣΤΙ"></Subject>
    </Hour>
    <Hour name="10:00">
      <Teacher name="Ε-ΠΕΤΡΟΠ"></Teacher><Subject name="ΧΗΜΕ"></Subject><Room name="ΕΡΓ-ΦΥΣ"></Room>
    </Hour>
    <Hour name="11:00">
      <Teacher name="Μ-ΕΜΙΛΙΑ"></Teacher><Subject name="ΓΕΩΓΡ"></Subject>
    </Hour>
    <Hour name="12:00">
      <Teacher name="ΦΑΙΤΑ"></Teacher> <Teacher name="ΛΥΔΙΑ"></Teacher><Subject name="ΑΓΓΛΙΚΑ"></Subject>
    </Hour>
    <Hour name="13:00">
      <Teacher name="ΧΥΣΣ"></Teacher><Subject name="ΙΣΤΟ"></Subject>
    </Hour>
    <Hour name="14:00">
     
    </Hour>
   </Day>
   <Day name="Friday">
    <Hour name="08:00">
      <Teacher name="ΦΑΙΤΑ"></Teacher> <Teacher name="ΛΥΔΙΑ"></Teacher><Subject name="ΑΓΓΛΙΚΑ"></Subject>
    </Hour>
    <Hour name="09:00">
      <Teacher name="Χ-ΜΗΤΣΑ"></Teacher><Subject name="ΚΑΛΛΙΤ"></Subject>
    </Hour>
    <Hour name="10:00">
      <Teacher name="ΠΑΠΠΑ"></Teacher><Subject name="ΑΡΧΜ"></Subject><Activity_Tag name="ΦΙΛΟΛΟΓΙΚΑ"></Activity_Tag>
    </Hour>
    <Hour name="11:00">
      <Teacher name="ΠΑΠΠΑ"></Teacher><Subject name="ΑΡΧΜ"></Subject><Activity_Tag name="ΦΙΛΟΛΟΓΙΚΑ"></Activity_Tag>
    </Hour>
    <Hour name="12:00">
      <Teacher name="Ε-ΠΕΤΡΟΠ"></Teacher><Subject name="ΒΙΟΛ"></Subject><Room name="ΕΡΓ-ΦΥΣ"></Room>
    </Hour>
    <Hour name="13:00">
      <Teacher name="Ε-ΒΑΡΘ"></Teacher><Subject name="ΦΥΣΙ"></Subject><Room name="ΕΡΓ-ΦΥΣ"></Room>
    </Hour>
    <Hour name="14:00">
      <Teacher name="ΚΟΡΔΑ"></Teacher><Subject name="ΜΟΥΣΙ"></Subject>
    </Hour>
   </Day>
  </Subgroup>
  <Subgroup name="Β5 Automatic Subgroup">
   <Day name="Monday">
    <Hour name="08:00">
      <Teacher name="ΒΑΓΙΑ"></Teacher><Subject name="ΓΕΡΜΑ"></Subject>
    </Hour>
    <Hour name="09:00">
      <Teacher name="ΦΑΙΤΑ"></Teacher><Subject name="ΑΓΓΠΡ"></Subject>
    </Hour>
    <Hour name="10:00">
      <Teacher name="Μ-ΠΑΝΟΥ"></Teacher><Subject name="ΜΑΘΗΜ"></Subject><Activity_Tag name="ΜΑΘΗΜΑΤΙΚΑ"></Activity_Tag>
    </Hour>
    <Hour name="11:00">
      <Teacher name="Ε-ΠΕΤΡΟΠ"></Teacher><Subject name="ΒΙΟΛ"></Subject><Room name="ΕΡΓ-ΦΥΣ"></Room>
    </Hour>
    <Hour name="12:00">
      <Teacher name="ΠΑΝΔ"></Teacher><Subject name="ΘΡΗΣΚ"></Subject>
    </Hour>
    <Hour name="13:00">
      <Teacher name="ΣΑΙΤ"></Teacher><Subject name="ΑΡΧΜ"></Subject><Activity_Tag name="ΦΙΛΟΛΟΓΙΚΑ"></Activity_Tag>
    </Hour>
    <Hour name="14:00">
      <Teacher name="ΠΑΠΠΑ"></Teacher><Subject name="ΝΕΑΚ"></Subject><Activity_Tag name="ΦΙΛΟΛΟΓΙΚΑ"></Activity_Tag>
    </Hour>
   </Day>
   <Day name="Tuesday">
    <Hour name="08:00">
      <Teacher name="Μ-ΠΑΝΟΥ"></Teacher><Subject name="ΜΑΘΗΜ"></Subject><Activity_Tag name="ΜΑΘΗΜΑΤΙΚΑ"></Activity_Tag>
    </Hour>
    <Hour name="09:00">
     
    </Hour>
    <Hour name="10:00">
      <Teacher name="ΧΥΣΣ"></Teacher><Subject name="ΙΣΤΟ"></Subject>
    </Hour>
    <Hour name="11:00">
      <Teacher name="Χ-ΠΙΤΣΙ"></Teacher><Subject name="ΠΛΗ-ΤΕΧΝ"></Subject>
    </Hour>
    <Hour name="12:00">
      <Teacher name="ΓΑΡΝΕΛΛΗ"></Teacher><Subject name="ΑΡΧΠ"></Subject><Activity_Tag name="ΦΙΛΟΛΟΓΙΚΑ"></Activity_Tag>
    </Hour>
    <Hour name="13:00">
      <Teacher name="ΓΑΡΝΕΛΛΗ"></Teacher><Subject name="ΑΡΧΠ"></Subject><Activity_Tag name="ΦΙΛΟΛΟΓΙΚΑ"></Activity_Tag>
    </Hour>
    <Hour name="14:00">
      <Teacher name="Ε-ΠΕΤΡΟΠ"></Teacher><Subject name="ΦΥΣΙ"></Subject><Room name="ΕΡΓ-ΦΥΣ"></Room>
    </Hour>
   </Day>
   <Day name="Wednesday">
    <Hour name="08:00">
      <Teacher name="ΦΑΙΤΑ"></Teacher><Subject name="ΑΓΓΠΡ"></Subject>
    </Hour>
    <Hour name="09:00">
      <Teacher name="Μ-ΠΑΝΟΥ"></Teacher><Subject name="ΜΑΘΗΜ"></Subject><Activity_Tag name="ΜΑΘΗΜΑΤΙΚΑ"></Activity_Tag>
    </Hour>
    <Hour name="10:00">
      <Teacher name="Ε-ΣΚΑΦΤ"></Teacher><Subject name="ΓΕΩΓΡ"></Subject>
    </Hour>
    <Hour name="11:00">
      <Teacher name="ΚΟΡΔΑ"></Teacher><Subject name="ΜΟΥΣΙ"></Subject>
    </Hour>
    <Hour name="12:00">
      <Teacher name="ΣΑΙΤ"></Teacher><Subject name="ΑΡΧΜ"></Subject><Activity_Tag name="ΦΙΛΟΛΟΓΙΚΑ"></Activity_Tag>
    </Hour>
    <Hour name="13:00">
      <Teacher name="ΧΥΣΣ"></Teacher><Subject name="ΙΣΤΟ"></Subject>
    </Hour>
    <Hour name="14:00">
     
    </Hour>
   </Day>
   <Day name="Thursday">
    <Hour name="08:00">
      <Teacher name="ΤΣΑΟΥΣΙΔ"></Teacher><Subject name="ΓΥΜΝΑΣΤΙ"></Subject>
    </Hour>
    <Hour name="09:00">
      <Teacher name="Χ-ΜΗΤΣΑ"></Teacher><Subject name="ΚΑΛΛΙΤ"></Subject>
    </Hour>
    <Hour name="10:00">
      <Teacher name="ΓΑΡΝΕΛΛΗ"></Teacher><Subject name="ΝΕΑΓ"></Subject><Activity_Tag name="ΦΙΛΟΛΟΓΙΚΑ"></Activity_Tag>
    </Hour>
    <Hour name="11:00">
      <Teacher name="ΓΑΡΝΕΛΛΗ"></Teacher><Subject name="ΝΕΑΓ"></Subject><Activity_Tag name="ΦΙΛΟΛΟΓΙΚΑ"></Activity_Tag>
    </Hour>
    <Hour name="12:00">
      <Teacher name="Μ-ΠΑΝΟΥ"></Teacher><Subject name="ΜΑΘΗΜ"></Subject><Activity_Tag name="ΜΑΘΗΜΑΤΙΚΑ"></Activity_Tag>
    </Hour>
    <Hour name="13:00">
      <Teacher name="ΒΑΓΙΑ"></Teacher><Subject name="ΓΕΡΜΑ"></Subject>
    </Hour>
    <Hour name="14:00">
      <Teacher name="Ε-ΠΕΤΡΟΠ"></Teacher><Subject name="ΧΗΜΕ"></Subject><Room name="ΕΡΓ-ΦΥΣ"></Room>
    </Hour>
   </Day>
   <Day name="Friday">
    <Hour name="08:00">
      <Teacher name="ΠΑΠΠΑ"></Teacher><Subject name="ΝΕΑΚ"></Subject><Activity_Tag name="ΦΙΛΟΛΟΓΙΚΑ"></Activity_Tag>
    </Hour>
    <Hour name="09:00">
      <Teacher name="Ε-ΠΕΤΡΟΠ"></Teacher><Subject name="ΦΥΣΙ"></Subject><Room name="ΕΡΓ-ΦΥΣ"></Room>
    </Hour>
    <Hour name="10:00">
      <Teacher name="Ε-ΣΚΑΦΤ"></Teacher><Subject name="ΓΕΩΓΡ"></Subject>
    </Hour>
    <Hour name="11:00">
      <Teacher name="ΤΣΑΟΥΣΙΔ"></Teacher><Subject name="ΓΥΜΝΑΣΤΙ"></Subject>
    </Hour>
    <Hour name="12:00">
      <Teacher name="ΠΑΝΔ"></Teacher><Subject name="ΘΡΗΣΚ"></Subject>
    </Hour>
    <Hour name="13:00">
     
    </Hour>
    <Hour name="14:00">
      <Teacher name="Χ-ΔΑΦΝ"></Teacher><Subject name="ΠΛΗΡ"></Subject>
    </Hour>
   </Day>
  </Subgroup>
  <Subgroup name="Γ1* Automatic Subgroup">
   <Day name="Monday">
    <Hour name="08:00">
      <Teacher name="ΜΟΝΑ"></Teacher><Subject name="ΝΕΑΓ"></Subject><Activity_Tag name="ΦΙΛΟΛΟΓΙΚΑ"></Activity_Tag>
    </Hour>
    <Hour name="09:00">
      <Teacher name="ΜΟΝΑ"></Teacher><Subject name="ΝΕΑΓ"></Subject><Activity_Tag name="ΦΙΛΟΛΟΓΙΚΑ"></Activity_Tag>
    </Hour>
    <Hour name="10:00">
      <Teacher name="Ε-ΒΑΡΘ"></Teacher> <Teacher name="ΔΑΣΚ-ΕΝΤΑ1-pe04"></Teacher><Subject name="ΒΙΟΛ"></Subject>
    </Hour>
    <Hour name="11:00">
      <Teacher name="ΒΑΣΙΛΑΚΗ"></Teacher> <Teacher name="ΒΑΓΙΑ"></Teacher><Subject name="ΓΕΡΜΑ"></Subject>
    </Hour>
    <Hour name="12:00">
      <Teacher name="Μ-ΕΜΙΛΙΑ"></Teacher> <Teacher name="ΚΥΡΙΑΚΗ-ΕΝΤ-ΜΑΘΗΜ"></Teacher><Subject name="ΜΑΘΗΜ"></Subject><Activity_Tag name="ΜΑΘΗΜΑΤΙΚΑ"></Activity_Tag>
    </Hour>
    <Hour name="13:00">
      <Teacher name="Χ-ΠΙΤΣΙ"></Teacher> <Teacher name="Χ-ΔΑΦΝ"></Teacher><Subject name="ΠΛΗ-ΤΕΧΝ"></Subject>
    </Hour>
    <Hour name="14:00">
      <Teacher name="Χ-ΠΙΤΣΙ"></Teacher> <Teacher name="Χ-ΔΑΦΝ"></Teacher><Subject name="ΠΛΗ-ΤΕΧΝ"></Subject>
    </Hour>
   </Day>
   <Day name="Tuesday">
    <Hour name="08:00">
      <Teacher name="Μ-ΕΜΙΛΙΑ"></Teacher> <Teacher name="ΚΥΡΙΑΚΗ-ΕΝΤ-ΜΑΘΗΜ"></Teacher><Subject name="ΜΑΘΗΜ"></Subject><Activity_Tag name="ΜΑΘΗΜΑΤΙΚΑ"></Activity_Tag>
    </Hour>
    <Hour name="09:00">
      <Teacher name="ΕΦΗ"></Teacher><Subject name="ΓΥΜΝΑΣΤΙ"></Subject>
    </Hour>
    <Hour name="10:00">
     
    </Hour>
    <Hour name="11:00">
      <Teacher name="ΦΑΙΤΑ"></Teacher> <Teacher name="ΛΥΔΙΑ"></Teacher><Subject name="ΑΓΓΛΙΚΑ"></Subject>
    </Hour>
    <Hour name="12:00">
      <Teacher name="ΒΑΣΙΛΑΚΗ"></Teacher><Subject name="ΙΣΤΟ"></Subject><Activity_Tag name="ΦΙΛΟΛΟΓΙΚΑ"></Activity_Tag>
    </Hour>
    <Hour name="13:00">
      <Teacher name="Ε-ΠΕΤΡΟΠ"></Teacher> <Teacher name="ΔΑΣΚ-ΕΝΤΑ1-pe04"></Teacher><Subject name="ΦΥΣΙ"></Subject>
    </Hour>
    <Hour name="14:00">
      <Teacher name="ΠΑΝΔ"></Teacher><Subject name="ΘΡΗΣΚ"></Subject>
    </Hour>
   </Day>
   <Day name="Wednesday">
    <Hour name="08:00">
     
    </Hour>
    <Hour name="09:00">
      <Teacher name="Μ-ΕΜΙΛΙΑ"></Teacher> <Teacher name="ΚΥΡΙΑΚΗ-ΕΝΤ-ΜΑΘΗΜ"></Teacher><Subject name="ΜΑΘΗΜ"></Subject><Activity_Tag name="ΜΑΘΗΜΑΤΙΚΑ"></Activity_Tag>
    </Hour>
    <Hour name="10:00">
      <Teacher name="Ε-ΠΕΤΡΟΠ"></Teacher> <Teacher name="ΔΑΣΚ-ΕΝΤΑ1-pe04"></Teacher><Subject name="ΦΥΣΙ"></Subject>
    </Hour>
    <Hour name="11:00">
      <Teacher name="ΧΥΣΣ"></Teacher><Subject name="ΚΠΑ"></Subject>
    </Hour>
    <Hour name="12:00">
      <Teacher name="ΜΟΝΑ"></Teacher><Subject name="ΑΡΧΠ"></Subject><Activity_Tag name="ΦΙΛΟΛΟΓΙΚΑ"></Activity_Tag>
    </Hour>
    <Hour name="13:00">
      <Teacher name="ΜΟΝΑ"></Teacher><Subject name="ΑΡΧΠ"></Subject><Activity_Tag name="ΦΙΛΟΛΟΓΙΚΑ"></Activity_Tag>
    </Hour>
    <Hour name="14:00">
     
    </Hour>
   </Day>
   <Day name="Thursday">
    <Hour name="08:00">
      <Teacher name="ΜΟΝΑ"></Teacher><Subject name="ΝΕΑΚ"></Subject><Activity_Tag name="ΦΙΛΟΛΟΓΙΚΑ"></Activity_Tag>
    </Hour>
    <Hour name="09:00">
      <Teacher name="ΜΟΝΑ"></Teacher><Subject name="ΝΕΑΚ"></Subject><Activity_Tag name="ΦΙΛΟΛΟΓΙΚΑ"></Activity_Tag>
    </Hour>
    <Hour name="10:00">
      <Teacher name="ΧΥΣΣ"></Teacher><Subject name="ΚΠΑ"></Subject>
    </Hour>
    <Hour name="11:00">
      <Teacher name="ΠΑΝΔ"></Teacher><Subject name="ΘΡΗΣΚ"></Subject>
    </Hour>
    <Hour name="12:00">
      <Teacher name="ΒΑΣΙΛΑΚΗ"></Teacher><Subject name="ΙΣΤΟ"></Subject><Activity_Tag name="ΦΙΛΟΛΟΓΙΚΑ"></Activity_Tag>
    </Hour>
    <Hour name="13:00">
      <Teacher name="Ε-ΠΕΤΡΟΠ"></Teacher> <Teacher name="ΔΑΣΚ-ΕΝΤΑ1-pe04"></Teacher><Subject name="ΧΗΜΕ"></Subject>
    </Hour>
    <Hour name="14:00">
      <Teacher name="ΚΟΡΔΑ"></Teacher><Subject name="ΜΟΥΣΙ"></Subject>
    </Hour>
   </Day>
   <Day name="Friday">
    <Hour name="08:00">
      <Teacher name="Μ-ΕΜΙΛΙΑ"></Teacher> <Teacher name="ΚΥΡΙΑΚΗ-ΕΝΤ-ΜΑΘΗΜ"></Teacher><Subject name="ΜΑΘΗΜ"></Subject><Activity_Tag name="ΜΑΘΗΜΑΤΙΚΑ"></Activity_Tag>
    </Hour>
    <Hour name="09:00">
      <Teacher name="ΕΦΗ"></Teacher><Subject name="ΓΥΜΝΑΣΤΙ"></Subject>
    </Hour>
    <Hour name="10:00">
      <Teacher name="Χ-ΜΗΤΣΑ"></Teacher><Subject name="ΚΑΛΛΙΤ"></Subject>
    </Hour>
    <Hour name="11:00">
      <Teacher name="ΦΑΙΤΑ"></Teacher> <Teacher name="ΛΥΔΙΑ"></Teacher><Subject name="ΑΓΓΛΙΚΑ"></Subject>
    </Hour>
    <Hour name="12:00">
      <Teacher name="ΜΟΝΑ"></Teacher><Subject name="ΑΡΧΜ"></Subject><Activity_Tag name="ΦΙΛΟΛΟΓΙΚΑ"></Activity_Tag>
    </Hour>
    <Hour name="13:00">
      <Teacher name="ΜΟΝΑ"></Teacher><Subject name="ΑΡΧΜ"></Subject><Activity_Tag name="ΦΙΛΟΛΟΓΙΚΑ"></Activity_Tag>
    </Hour>
    <Hour name="14:00">
      <Teacher name="ΒΑΣΙΛΑΚΗ"></Teacher> <Teacher name="ΒΑΓΙΑ"></Teacher><Subject name="ΓΕΡΜΑ"></Subject>
    </Hour>
   </Day>
  </Subgroup>
  <Subgroup name="Γ2* Automatic Subgroup">
   <Day name="Monday">
    <Hour name="08:00">
     
    </Hour>
    <Hour name="09:00">
      <Teacher name="Μ-ΠΑΝΟΥ"></Teacher> <Teacher name="ΚΥΡΙΑΚΗ-ΕΝΤ-ΜΑΘΗΜ"></Teacher><Subject name="ΜΑΘΗΜ"></Subject><Activity_Tag name="ΜΑΘΗΜΑΤΙΚΑ"></Activity_Tag>
    </Hour>
    <Hour name="10:00">
      <Teacher name="ΤΣΙΑ"></Teacher><Subject name="ΝΕΑΚ"></Subject><Activity_Tag name="ΦΙΛΟΛΟΓΙΚΑ"></Activity_Tag>
    </Hour>
    <Hour name="11:00">
      <Teacher name="ΤΣΙΑ"></Teacher><Subject name="ΝΕΑΚ"></Subject><Activity_Tag name="ΦΙΛΟΛΟΓΙΚΑ"></Activity_Tag>
    </Hour>
    <Hour name="12:00">
      <Teacher name="Ε-ΠΕΤΡΟΠ"></Teacher> <Teacher name="ΔΑΣΚ-ΕΝΤΑ1-pe04"></Teacher><Subject name="ΦΥΣΙ"></Subject>
    </Hour>
    <Hour name="13:00">
      <Teacher name="ΒΑΣΙΛΑΚΗ"></Teacher><Subject name="ΙΣΤΟ"></Subject><Activity_Tag name="ΦΙΛΟΛΟΓΙΚΑ"></Activity_Tag>
    </Hour>
    <Hour name="14:00">
      <Teacher name="ΧΥΣΣ"></Teacher><Subject name="ΚΠΑ"></Subject>
    </Hour>
   </Day>
   <Day name="Tuesday">
    <Hour name="08:00">
     
    </Hour>
    <Hour name="09:00">
      <Teacher name="Μ-ΠΑΝΟΥ"></Teacher> <Teacher name="ΚΥΡΙΑΚΗ-ΕΝΤ-ΜΑΘΗΜ"></Teacher><Subject name="ΜΑΘΗΜ"></Subject><Activity_Tag name="ΜΑΘΗΜΑΤΙΚΑ"></Activity_Tag>
    </Hour>
    <Hour name="10:00">
      <Teacher name="Ε-ΒΑΡΘ"></Teacher> <Teacher name="ΔΑΣΚ-ΕΝΤΑ1-pe04"></Teacher><Subject name="ΒΙΟΛ"></Subject>
    </Hour>
    <Hour name="11:00">
      <Teacher name="ΤΣΙΑ"></Teacher><Subject name="ΑΡΧΜ"></Subject><Activity_Tag name="ΦΙΛΟΛΟΓΙΚΑ"></Activity_Tag>
    </Hour>
    <Hour name="12:00">
      <Teacher name="ΤΣΙΑ"></Teacher><Subject name="ΑΡΧΜ"></Subject><Activity_Tag name="ΦΙΛΟΛΟΓΙΚΑ"></Activity_Tag>
    </Hour>
    <Hour name="13:00">
      <Teacher name="ΦΑΙΤΑ"></Teacher> <Teacher name="ΛΥΔΙΑ"></Teacher><Subject name="ΑΓΓΛΙΚΑ"></Subject>
    </Hour>
    <Hour name="14:00">
      <Teacher name="ΒΑΣΙΛΑΚΗ"></Teacher> <Teacher name="ΒΑΓΙΑ"></Teacher><Subject name="ΓΕΡΜΑ"></Subject>
    </Hour>
   </Day>
   <Day name="Wednesday">
    <Hour name="08:00">
      <Teacher name="ΤΣΙΑ"></Teacher><Subject name="ΑΡΧΠ"></Subject><Activity_Tag name="ΦΙΛΟΛΟΓΙΚΑ"></Activity_Tag>
    </Hour>
    <Hour name="09:00">
      <Teacher name="ΤΣΙΑ"></Teacher><Subject name="ΑΡΧΠ"></Subject><Activity_Tag name="ΦΙΛΟΛΟΓΙΚΑ"></Activity_Tag>
    </Hour>
    <Hour name="10:00">
      <Teacher name="ΤΣΙΑ"></Teacher><Subject name="ΝΕΑΓ"></Subject><Activity_Tag name="ΦΙΛΟΛΟΓΙΚΑ"></Activity_Tag>
    </Hour>
    <Hour name="11:00">
      <Teacher name="ΤΣΙΑ"></Teacher><Subject name="ΝΕΑΓ"></Subject><Activity_Tag name="ΦΙΛΟΛΟΓΙΚΑ"></Activity_Tag>
    </Hour>
    <Hour name="12:00">
      <Teacher name="ΚΟΡΔΑ"></Teacher><Subject name="ΜΟΥΣΙ"></Subject>
    </Hour>
    <Hour name="13:00">
      <Teacher name="Ε-ΠΕΤΡΟΠ"></Teacher> <Teacher name="ΔΑΣΚ-ΕΝΤΑ1-pe04"></Teacher><Subject name="ΦΥΣΙ"></Subject>
    </Hour>
    <Hour name="14:00">
      <Teacher name="ΕΦΗ"></Teacher><Subject name="ΓΥΜΝΑΣΤΙ"></Subject>
    </Hour>
   </Day>
   <Day name="Thursday">
    <Hour name="08:00">
      <Teacher name="ΠΑΝΔ"></Teacher><Subject name="ΘΡΗΣΚ"></Subject>
    </Hour>
    <Hour name="09:00">
      <Teacher name="ΒΑΣΙΛΑΚΗ"></Teacher> <Teacher name="ΒΑΓΙΑ"></Teacher><Subject name="ΓΕΡΜΑ"></Subject>
    </Hour>
    <Hour name="10:00">
      <Teacher name="Μ-ΠΑΝΟΥ"></Teacher> <Teacher name="ΚΥΡΙΑΚΗ-ΕΝΤ-ΜΑΘΗΜ"></Teacher><Subject name="ΜΑΘΗΜ"></Subject><Activity_Tag name="ΜΑΘΗΜΑΤΙΚΑ"></Activity_Tag>
    </Hour>
    <Hour name="11:00">
      <Teacher name="ΒΑΣΙΛΑΚΗ"></Teacher><Subject name="ΙΣΤΟ"></Subject><Activity_Tag name="ΦΙΛΟΛΟΓΙΚΑ"></Activity_Tag>
    </Hour>
    <Hour name="12:00">
      <Teacher name="Χ-ΜΗΤΣΑ"></Teacher><Subject name="ΚΑΛΛΙΤ"></Subject>
    </Hour>
    <Hour name="13:00">
      <Teacher name="ΕΦΗ"></Teacher><Subject name="ΓΥΜΝΑΣΤΙ"></Subject>
    </Hour>
    <Hour name="14:00">
      <Teacher name="ΧΥΣΣ"></Teacher><Subject name="ΚΠΑ"></Subject>
    </Hour>
   </Day>
   <Day name="Friday">
    <Hour name="08:00">
      <Teacher name="Ε-ΠΕΤΡΟΠ"></Teacher> <Teacher name="ΔΑΣΚ-ΕΝΤΑ1-pe04"></Teacher><Subject name="ΧΗΜΕ"></Subject>
    </Hour>
    <Hour name="09:00">
      <Teacher name="ΦΑΙΤΑ"></Teacher> <Teacher name="ΛΥΔΙΑ"></Teacher><Subject name="ΑΓΓΛΙΚΑ"></Subject>
    </Hour>
    <Hour name="10:00">
      <Teacher name="ΠΑΝΔ"></Teacher><Subject name="ΘΡΗΣΚ"></Subject>
    </Hour>
    <Hour name="11:00">
      <Teacher name="Χ-ΠΙΤΣΙ"></Teacher> <Teacher name="Χ-ΔΑΦΝ"></Teacher><Subject name="ΠΛΗ-ΤΕΧΝ"></Subject>
    </Hour>
    <Hour name="12:00">
      <Teacher name="Χ-ΠΙΤΣΙ"></Teacher> <Teacher name="Χ-ΔΑΦΝ"></Teacher><Subject name="ΠΛΗ-ΤΕΧΝ"></Subject>
    </Hour>
    <Hour name="13:00">
      <Teacher name="Μ-ΠΑΝΟΥ"></Teacher> <Teacher name="ΚΥΡΙΑΚΗ-ΕΝΤ-ΜΑΘΗΜ"></Teacher><Subject name="ΜΑΘΗΜ"></Subject><Activity_Tag name="ΜΑΘΗΜΑΤΙΚΑ"></Activity_Tag>
    </Hour>
    <Hour name="14:00">
     
    </Hour>
   </Day>
  </Subgroup>
  <Subgroup name="Γ3* Automatic Subgroup">
   <Day name="Monday">
    <Hour name="08:00">
      <Teacher name="Ε-ΠΕΤΡΟΠ"></Teacher> <Teacher name="ΔΑΣΚ-ΕΝΤΑ1-pe04"></Teacher><Subject name="ΦΥΣΙ"></Subject>
    </Hour>
    <Hour name="09:00">
      <Teacher name="ΕΦΗ"></Teacher><Subject name="ΓΥΜΝΑΣΤΙ"></Subject>
    </Hour>
    <Hour name="10:00">
      <Teacher name="ΜΟΝΑ"></Teacher><Subject name="ΝΕΑΓ"></Subject><Activity_Tag name="ΦΙΛΟΛΟΓΙΚΑ"></Activity_Tag>
    </Hour>
    <Hour name="11:00">
      <Teacher name="ΜΟΝΑ"></Teacher><Subject name="ΝΕΑΓ"></Subject><Activity_Tag name="ΦΙΛΟΛΟΓΙΚΑ"></Activity_Tag>
    </Hour>
    <Hour name="12:00">
      <Teacher name="ΒΑΓΙΑ"></Teacher><Subject name="ΓΕΡΜΑ"></Subject>
    </Hour>
    <Hour name="13:00">
      <Teacher name="ΜΟΝΑ"></Teacher><Subject name="ΑΡΧΠ"></Subject><Activity_Tag name="ΦΙΛΟΛΟΓΙΚΑ"></Activity_Tag>
    </Hour>
    <Hour name="14:00">
      <Teacher name="ΜΟΝΑ"></Teacher><Subject name="ΑΡΧΠ"></Subject><Activity_Tag name="ΦΙΛΟΛΟΓΙΚΑ"></Activity_Tag>
    </Hour>
   </Day>
   <Day name="Tuesday">
    <Hour name="08:00">
      <Teacher name="ΜΟΝΑ"></Teacher><Subject name="ΑΡΧΜ"></Subject><Activity_Tag name="ΦΙΛΟΛΟΓΙΚΑ"></Activity_Tag>
    </Hour>
    <Hour name="09:00">
      <Teacher name="ΜΟΝΑ"></Teacher><Subject name="ΑΡΧΜ"></Subject><Activity_Tag name="ΦΙΛΟΛΟΓΙΚΑ"></Activity_Tag>
    </Hour>
    <Hour name="10:00">
      <Teacher name="Μ-ΕΜΙΛΙΑ"></Teacher> <Teacher name="ΔΑΣΚ-ΕΝΤΑ2-pe03"></Teacher><Subject name="ΜΑΘΗΜ"></Subject><Activity_Tag name="ΜΑΘΗΜΑΤΙΚΑ"></Activity_Tag>
    </Hour>
    <Hour name="11:00">
      <Teacher name="ΒΑΓΙΑ"></Teacher><Subject name="ΓΕΡΜΑ"></Subject>
    </Hour>
    <Hour name="12:00">
      <Teacher name="ΧΥΣΣ"></Teacher><Subject name="ΚΠΑ"></Subject>
    </Hour>
    <Hour name="13:00">
      <Teacher name="ΦΑΙΤΑ"></Teacher> <Teacher name="ΛΥΔΙΑ"></Teacher><Subject name="ΑΓΓΛΙΚΑ"></Subject>
    </Hour>
    <Hour name="14:00">
     
    </Hour>
   </Day>
   <Day name="Wednesday">
    <Hour name="08:00">
      <Teacher name="Μ-ΕΜΙΛΙΑ"></Teacher> <Teacher name="ΔΑΣΚ-ΕΝΤΑ2-pe03"></Teacher><Subject name="ΜΑΘΗΜ"></Subject><Activity_Tag name="ΜΑΘΗΜΑΤΙΚΑ"></Activity_Tag>
    </Hour>
    <Hour name="09:00">
      <Teacher name="ΠΑΝΔ"></Teacher><Subject name="ΘΡΗΣΚ"></Subject>
    </Hour>
    <Hour name="10:00">
      <Teacher name="ΕΦΗ"></Teacher><Subject name="ΓΥΜΝΑΣΤΙ"></Subject>
    </Hour>
    <Hour name="11:00">
      <Teacher name="Ε-ΒΑΡΘ"></Teacher> <Teacher name="ΔΑΣΚ-ΕΝΤΑ1-pe04"></Teacher><Subject name="ΒΙΟΛ"></Subject>
    </Hour>
    <Hour name="12:00">
      <Teacher name="Ε-ΠΕΤΡΟΠ"></Teacher> <Teacher name="ΔΑΣΚ-ΕΝΤΑ1-pe04"></Teacher><Subject name="ΦΥΣΙ"></Subject>
    </Hour>
    <Hour name="13:00">
     
    </Hour>
    <Hour name="14:00">
      <Teacher name="ΓΑΡΝΕΛΛΗ"></Teacher><Subject name="ΙΣΤΟ"></Subject><Activity_Tag name="ΦΙΛΟΛΟΓΙΚΑ"></Activity_Tag>
    </Hour>
   </Day>
   <Day name="Thursday">
    <Hour name="08:00">
      <Teacher name="Χ-ΜΗΤΣΑ"></Teacher><Subject name="ΚΑΛΛΙΤ"></Subject>
    </Hour>
    <Hour name="09:00">
      <Teacher name="Μ-ΕΜΙΛΙΑ"></Teacher> <Teacher name="ΔΑΣΚ-ΕΝΤΑ2-pe03"></Teacher><Subject name="ΜΑΘΗΜ"></Subject><Activity_Tag name="ΜΑΘΗΜΑΤΙΚΑ"></Activity_Tag>
    </Hour>
    <Hour name="10:00">
      <Teacher name="ΜΟΝΑ"></Teacher><Subject name="ΝΕΑΚ"></Subject><Activity_Tag name="ΦΙΛΟΛΟΓΙΚΑ"></Activity_Tag>
    </Hour>
    <Hour name="11:00">
      <Teacher name="ΜΟΝΑ"></Teacher><Subject name="ΝΕΑΚ"></Subject><Activity_Tag name="ΦΙΛΟΛΟΓΙΚΑ"></Activity_Tag>
    </Hour>
    <Hour name="12:00">
      <Teacher name="Ε-ΠΕΤΡΟΠ"></Teacher> <Teacher name="ΔΑΣΚ-ΕΝΤΑ1-pe04"></Teacher><Subject name="ΧΗΜΕ"></Subject>
    </Hour>
    <Hour name="13:00">
      <Teacher name="Χ-ΠΙΤΣΙ"></Teacher> <Teacher name="Χ-ΔΑΦΝ"></Teacher><Subject name="ΠΛΗ-ΤΕΧΝ"></Subject>
    </Hour>
    <Hour name="14:00">
      <Teacher name="Χ-ΠΙΤΣΙ"></Teacher> <Teacher name="Χ-ΔΑΦΝ"></Teacher><Subject name="ΠΛΗ-ΤΕΧΝ"></Subject>
    </Hour>
   </Day>
   <Day name="Friday">
    <Hour name="08:00">
      <Teacher name="ΠΑΝΔ"></Teacher><Subject name="ΘΡΗΣΚ"></Subject>
    </Hour>
    <Hour name="09:00">
      <Teacher name="ΦΑΙΤΑ"></Teacher> <Teacher name="ΛΥΔΙΑ"></Teacher><Subject name="ΑΓΓΛΙΚΑ"></Subject>
    </Hour>
    <Hour name="10:00">
      <Teacher name="ΓΑΡΝΕΛΛΗ"></Teacher><Subject name="ΙΣΤΟ"></Subject><Activity_Tag name="ΦΙΛΟΛΟΓΙΚΑ"></Activity_Tag>
    </Hour>
    <Hour name="11:00">
      <Teacher name="Μ-ΕΜΙΛΙΑ"></Teacher> <Teacher name="ΔΑΣΚ-ΕΝΤΑ2-pe03"></Teacher><Subject name="ΜΑΘΗΜ"></Subject><Activity_Tag name="ΜΑΘΗΜΑΤΙΚΑ"></Activity_Tag>
    </Hour>
    <Hour name="12:00">
      <Teacher name="ΚΟΡΔΑ"></Teacher><Subject name="ΜΟΥΣΙ"></Subject>
    </Hour>
    <Hour name="13:00">
     
    </Hour>
    <Hour name="14:00">
      <Teacher name="ΧΥΣΣ"></Teacher><Subject name="ΚΠΑ"></Subject>
    </Hour>
   </Day>
  </Subgroup>
  <Subgroup name="Γ4 Automatic Subgroup">
   <Day name="Monday">
    <Hour name="08:00">
      <Teacher name="Μ-ΕΜΙΛΙΑ"></Teacher><Subject name="ΜΑΘΗΜ"></Subject><Activity_Tag name="ΜΑΘΗΜΑΤΙΚΑ"></Activity_Tag>
    </Hour>
    <Hour name="09:00">
      <Teacher name="ΒΑΓΙΑ"></Teacher><Subject name="ΓΕΡΜΑ"></Subject>
    </Hour>
    <Hour name="10:00">
      <Teacher name="Ε-ΠΕΤΡΟΠ"></Teacher><Subject name="ΦΥΣΙ"></Subject><Room name="ΕΡΓ-ΦΥΣ"></Room>
    </Hour>
    <Hour name="11:00">
      <Teacher name="ΠΑΝΔ"></Teacher><Subject name="ΘΡΗΣΚ"></Subject>
    </Hour>
    <Hour name="12:00">
     
    </Hour>
    <Hour name="13:00">
      <Teacher name="ΤΣΙΑ"></Teacher><Subject name="ΝΕΑΓ"></Subject><Activity_Tag name="ΦΙΛΟΛΟΓΙΚΑ"></Activity_Tag>
    </Hour>
    <Hour name="14:00">
      <Teacher name="ΤΣΙΑ"></Teacher><Subject name="ΝΕΑΓ"></Subject><Activity_Tag name="ΦΙΛΟΛΟΓΙΚΑ"></Activity_Tag>
    </Hour>
   </Day>
   <Day name="Tuesday">
    <Hour name="08:00">
      <Teacher name="Χ-ΠΙΤΣΙ"></Teacher> <Teacher name="Χ-ΔΑΦΝ"></Teacher><Subject name="ΠΛΗ-ΤΕΧΝ"></Subject>
    </Hour>
    <Hour name="09:00">
      <Teacher name="Χ-ΠΙΤΣΙ"></Teacher> <Teacher name="Χ-ΔΑΦΝ"></Teacher><Subject name="ΠΛΗ-ΤΕΧΝ"></Subject>
    </Hour>
    <Hour name="10:00">
      <Teacher name="ΒΑΓΙΑ"></Teacher><Subject name="ΓΕΡΜΑ"></Subject>
    </Hour>
    <Hour name="11:00">
      <Teacher name="ΦΑΙΤΑ"></Teacher> <Teacher name="ΛΥΔΙΑ"></Teacher><Subject name="ΑΓΓΛΙΚΑ"></Subject>
    </Hour>
    <Hour name="12:00">
      <Teacher name="Μ-ΕΜΙΛΙΑ"></Teacher><Subject name="ΜΑΘΗΜ"></Subject><Activity_Tag name="ΜΑΘΗΜΑΤΙΚΑ"></Activity_Tag>
    </Hour>
    <Hour name="13:00">
      <Teacher name="ΤΣΙΑ"></Teacher><Subject name="ΑΡΧΜ"></Subject><Activity_Tag name="ΦΙΛΟΛΟΓΙΚΑ"></Activity_Tag>
    </Hour>
    <Hour name="14:00">
      <Teacher name="ΤΣΙΑ"></Teacher><Subject name="ΑΡΧΜ"></Subject><Activity_Tag name="ΦΙΛΟΛΟΓΙΚΑ"></Activity_Tag>
    </Hour>
   </Day>
   <Day name="Wednesday">
    <Hour name="08:00">
      <Teacher name="Ε-ΠΕΤΡΟΠ"></Teacher><Subject name="ΦΥΣΙ"></Subject><Room name="ΕΡΓ-ΦΥΣ"></Room>
    </Hour>
    <Hour name="09:00">
      <Teacher name="Ε-ΠΕΤΡΟΠ"></Teacher><Subject name="ΧΗΜΕ"></Subject><Room name="ΕΡΓ-ΦΥΣ"></Room>
    </Hour>
    <Hour name="10:00">
      <Teacher name="Μ-ΕΜΙΛΙΑ"></Teacher><Subject name="ΜΑΘΗΜ"></Subject><Activity_Tag name="ΜΑΘΗΜΑΤΙΚΑ"></Activity_Tag>
    </Hour>
    <Hour name="11:00">
     
    </Hour>
    <Hour name="12:00">
      <Teacher name="ΕΦΗ"></Teacher><Subject name="ΓΥΜΝΑΣΤΙ"></Subject>
    </Hour>
    <Hour name="13:00">
      <Teacher name="ΓΑΡΝΕΛΛΗ"></Teacher><Subject name="ΙΣΤΟ"></Subject><Activity_Tag name="ΦΙΛΟΛΟΓΙΚΑ"></Activity_Tag>
    </Hour>
    <Hour name="14:00">
      <Teacher name="Ε-ΒΑΡΘ"></Teacher><Subject name="ΒΙΟΛ"></Subject>
    </Hour>
   </Day>
   <Day name="Thursday">
    <Hour name="08:00">
      <Teacher name="ΤΣΙΑ"></Teacher><Subject name="ΝΕΑΚ"></Subject><Activity_Tag name="ΦΙΛΟΛΟΓΙΚΑ"></Activity_Tag>
    </Hour>
    <Hour name="09:00">
      <Teacher name="ΤΣΙΑ"></Teacher><Subject name="ΝΕΑΚ"></Subject><Activity_Tag name="ΦΙΛΟΛΟΓΙΚΑ"></Activity_Tag>
    </Hour>
    <Hour name="10:00">
      <Teacher name="ΠΑΝΔ"></Teacher><Subject name="ΘΡΗΣΚ"></Subject>
    </Hour>
    <Hour name="11:00">
      <Teacher name="ΕΦΗ"></Teacher><Subject name="ΓΥΜΝΑΣΤΙ"></Subject>
    </Hour>
    <Hour name="12:00">
      <Teacher name="ΧΥΣΣ"></Teacher><Subject name="ΚΠΑ"></Subject>
    </Hour>
    <Hour name="13:00">
      <Teacher name="ΚΟΡΔΑ"></Teacher><Subject name="ΜΟΥΣΙ"></Subject>
    </Hour>
    <Hour name="14:00">
     
    </Hour>
   </Day>
   <Day name="Friday">
    <Hour name="08:00">
      <Teacher name="ΤΣΙΑ"></Teacher><Subject name="ΑΡΧΠ"></Subject><Activity_Tag name="ΦΙΛΟΛΟΓΙΚΑ"></Activity_Tag>
    </Hour>
    <Hour name="09:00">
      <Teacher name="ΤΣΙΑ"></Teacher><Subject name="ΑΡΧΠ"></Subject><Activity_Tag name="ΦΙΛΟΛΟΓΙΚΑ"></Activity_Tag>
    </Hour>
    <Hour name="10:00">
      <Teacher name="Μ-ΕΜΙΛΙΑ"></Teacher><Subject name="ΜΑΘΗΜ"></Subject><Activity_Tag name="ΜΑΘΗΜΑΤΙΚΑ"></Activity_Tag>
    </Hour>
    <Hour name="11:00">
      <Teacher name="ΦΑΙΤΑ"></Teacher> <Teacher name="ΛΥΔΙΑ"></Teacher><Subject name="ΑΓΓΛΙΚΑ"></Subject>
    </Hour>
    <Hour name="12:00">
      <Teacher name="Χ-ΜΗΤΣΑ"></Teacher><Subject name="ΚΑΛΛΙΤ"></Subject>
    </Hour>
    <Hour name="13:00">
      <Teacher name="ΧΥΣΣ"></Teacher><Subject name="ΚΠΑ"></Subject>
    </Hour>
    <Hour name="14:00">
      <Teacher name="ΓΑΡΝΕΛΛΗ"></Teacher><Subject name="ΙΣΤΟ"></Subject><Activity_Tag name="ΦΙΛΟΛΟΓΙΚΑ"></Activity_Tag>
    </Hour>
   </Day>
  </Subgroup>
</Students_Timetable>
