﻿<?xml version="1.0" encoding="UTF-8"?>
<Activities_Timetable>
<Activity>
	<Id>3</Id>
	<Day>Wednesday</Day>
	<Hour>09:00</Hour>
	<Room></Room>
</Activity>
<Activity>
	<Id>5</Id>
	<Day>Monday</Day>
	<Hour>10:00</Hour>
	<Room></Room>
</Activity>
<Activity>
	<Id>7</Id>
	<Day>Tuesday</Day>
	<Hour>08:00</Hour>
	<Room></Room>
</Activity>
<Activity>
	<Id>8</Id>
	<Day>Thursday</Day>
	<Hour>08:00</Hour>
	<Room></Room>
</Activity>
<Activity>
	<Id>9</Id>
	<Day>Tuesday</Day>
	<Hour>13:00</Hour>
	<Room></Room>
</Activity>
<Activity>
	<Id>10</Id>
	<Day>Monday</Day>
	<Hour>10:00</Hour>
	<Room></Room>
</Activity>
<Activity>
	<Id>11</Id>
	<Day>Tuesday</Day>
	<Hour>08:00</Hour>
	<Room></Room>
</Activity>
<Activity>
	<Id>12</Id>
	<Day>Friday</Day>
	<Hour>10:00</Hour>
	<Room></Room>
</Activity>
<Activity>
	<Id>14</Id>
	<Day>Wednesday</Day>
	<Hour>08:00</Hour>
	<Room></Room>
</Activity>
<Activity>
	<Id>15</Id>
	<Day>Thursday</Day>
	<Hour>13:00</Hour>
	<Room></Room>
</Activity>
<Activity>
	<Id>16</Id>
	<Day>Tuesday</Day>
	<Hour>11:00</Hour>
	<Room></Room>
</Activity>
<Activity>
	<Id>17</Id>
	<Day>Wednesday</Day>
	<Hour>10:00</Hour>
	<Room></Room>
</Activity>
<Activity>
	<Id>18</Id>
	<Day>Tuesday</Day>
	<Hour>10:00</Hour>
	<Room></Room>
</Activity>
<Activity>
	<Id>19</Id>
	<Day>Monday</Day>
	<Hour>08:00</Hour>
	<Room></Room>
</Activity>
<Activity>
	<Id>20</Id>
	<Day>Thursday</Day>
	<Hour>10:00</Hour>
	<Room></Room>
</Activity>
<Activity>
	<Id>21</Id>
	<Day>Tuesday</Day>
	<Hour>08:00</Hour>
	<Room></Room>
</Activity>
<Activity>
	<Id>22</Id>
	<Day>Thursday</Day>
	<Hour>13:00</Hour>
	<Room></Room>
</Activity>
<Activity>
	<Id>23</Id>
	<Day>Monday</Day>
	<Hour>11:00</Hour>
	<Room></Room>
</Activity>
<Activity>
	<Id>24</Id>
	<Day>Tuesday</Day>
	<Hour>13:00</Hour>
	<Room></Room>
</Activity>
<Activity>
	<Id>25</Id>
	<Day>Wednesday</Day>
	<Hour>08:00</Hour>
	<Room></Room>
</Activity>
<Activity>
	<Id>26</Id>
	<Day>Friday</Day>
	<Hour>12:00</Hour>
	<Room></Room>
</Activity>
<Activity>
	<Id>27</Id>
	<Day>Tuesday</Day>
	<Hour>11:00</Hour>
	<Room></Room>
</Activity>
<Activity>
	<Id>28</Id>
	<Day>Monday</Day>
	<Hour>08:00</Hour>
	<Room></Room>
</Activity>
<Activity>
	<Id>29</Id>
	<Day>Thursday</Day>
	<Hour>13:00</Hour>
	<Room></Room>
</Activity>
<Activity>
	<Id>30</Id>
	<Day>Monday</Day>
	<Hour>10:00</Hour>
	<Room></Room>
</Activity>
<Activity>
	<Id>31</Id>
	<Day>Tuesday</Day>
	<Hour>13:00</Hour>
	<Room></Room>
</Activity>
<Activity>
	<Id>32</Id>
	<Day>Thursday</Day>
	<Hour>10:00</Hour>
	<Room></Room>
</Activity>
<Activity>
	<Id>36</Id>
	<Day>Thursday</Day>
	<Hour>10:00</Hour>
	<Room></Room>
</Activity>
<Activity>
	<Id>37</Id>
	<Day>Wednesday</Day>
	<Hour>08:00</Hour>
	<Room></Room>
</Activity>
<Activity>
	<Id>38</Id>
	<Day>Monday</Day>
	<Hour>08:00</Hour>
	<Room></Room>
</Activity>
<Activity>
	<Id>39</Id>
	<Day>Monday</Day>
	<Hour>11:00</Hour>
	<Room></Room>
</Activity>
<Activity>
	<Id>40</Id>
	<Day>Friday</Day>
	<Hour>12:00</Hour>
	<Room></Room>
</Activity>
<Activity>
	<Id>41</Id>
	<Day>Tuesday</Day>
	<Hour>09:00</Hour>
	<Room></Room>
</Activity>
<Activity>
	<Id>42</Id>
	<Day>Tuesday</Day>
	<Hour>12:00</Hour>
	<Room></Room>
</Activity>
<Activity>
	<Id>43</Id>
	<Day>Thursday</Day>
	<Hour>13:00</Hour>
	<Room></Room>
</Activity>
<Activity>
	<Id>54</Id>
	<Day>Wednesday</Day>
	<Hour>08:00</Hour>
	<Room></Room>
</Activity>
<Activity>
	<Id>60</Id>
	<Day>Monday</Day>
	<Hour>09:00</Hour>
	<Room></Room>
</Activity>
<Activity>
	<Id>61</Id>
	<Day>Friday</Day>
	<Hour>11:00</Hour>
	<Room></Room>
</Activity>
<Activity>
	<Id>62</Id>
	<Day>Thursday</Day>
	<Hour>09:00</Hour>
	<Room>ΕΡΓ-ΦΥΣ</Room>
</Activity>
<Activity>
	<Id>63</Id>
	<Day>Wednesday</Day>
	<Hour>11:00</Hour>
	<Room>ΕΡΓ-ΦΥΣ</Room>
</Activity>
<Activity>
	<Id>64</Id>
	<Day>Thursday</Day>
	<Hour>11:00</Hour>
	<Room></Room>
</Activity>
<Activity>
	<Id>67</Id>
	<Day>Tuesday</Day>
	<Hour>09:00</Hour>
	<Room></Room>
</Activity>
<Activity>
	<Id>68</Id>
	<Day>Tuesday</Day>
	<Hour>10:00</Hour>
	<Room></Room>
</Activity>
<Activity>
	<Id>69</Id>
	<Day>Wednesday</Day>
	<Hour>10:00</Hour>
	<Room></Room>
</Activity>
<Activity>
	<Id>70</Id>
	<Day>Monday</Day>
	<Hour>09:00</Hour>
	<Room>ΕΡΓ-ΦΥΣ</Room>
</Activity>
<Activity>
	<Id>75</Id>
	<Day>Thursday</Day>
	<Hour>08:00</Hour>
	<Room></Room>
</Activity>
<Activity>
	<Id>76</Id>
	<Day>Monday</Day>
	<Hour>12:00</Hour>
	<Room></Room>
</Activity>
<Activity>
	<Id>77</Id>
	<Day>Thursday</Day>
	<Hour>09:00</Hour>
	<Room></Room>
</Activity>
<Activity>
	<Id>78</Id>
	<Day>Thursday</Day>
	<Hour>10:00</Hour>
	<Room></Room>
</Activity>
<Activity>
	<Id>111</Id>
	<Day>Tuesday</Day>
	<Hour>10:00</Hour>
	<Room></Room>
</Activity>
<Activity>
	<Id>112</Id>
	<Day>Tuesday</Day>
	<Hour>08:00</Hour>
	<Room></Room>
</Activity>
<Activity>
	<Id>113</Id>
	<Day>Monday</Day>
	<Hour>08:00</Hour>
	<Room></Room>
</Activity>
<Activity>
	<Id>115</Id>
	<Day>Monday</Day>
	<Hour>08:00</Hour>
	<Room></Room>
</Activity>
<Activity>
	<Id>116</Id>
	<Day>Tuesday</Day>
	<Hour>14:00</Hour>
	<Room>ΕΡΓ-ΦΥΣ</Room>
</Activity>
<Activity>
	<Id>117</Id>
	<Day>Friday</Day>
	<Hour>09:00</Hour>
	<Room>ΕΡΓ-ΦΥΣ</Room>
</Activity>
<Activity>
	<Id>118</Id>
	<Day>Tuesday</Day>
	<Hour>11:00</Hour>
	<Room></Room>
</Activity>
<Activity>
	<Id>121</Id>
	<Day>Monday</Day>
	<Hour>10:00</Hour>
	<Room>ΕΡΓ-ΦΥΣ</Room>
</Activity>
<Activity>
	<Id>122</Id>
	<Day>Thursday</Day>
	<Hour>08:00</Hour>
	<Room>ΕΡΓ-ΦΥΣ</Room>
</Activity>
<Activity>
	<Id>123</Id>
	<Day>Monday</Day>
	<Hour>12:00</Hour>
	<Room>ΕΡΓ-ΦΥΣ</Room>
</Activity>
<Activity>
	<Id>124</Id>
	<Day>Tuesday</Day>
	<Hour>10:00</Hour>
	<Room>ΕΡΓ-ΦΥΣ</Room>
</Activity>
<Activity>
	<Id>129</Id>
	<Day>Friday</Day>
	<Hour>09:00</Hour>
	<Room></Room>
</Activity>
<Activity>
	<Id>130</Id>
	<Day>Friday</Day>
	<Hour>08:00</Hour>
	<Room></Room>
</Activity>
<Activity>
	<Id>131</Id>
	<Day>Wednesday</Day>
	<Hour>12:00</Hour>
	<Room></Room>
</Activity>
<Activity>
	<Id>132</Id>
	<Day>Monday</Day>
	<Hour>08:00</Hour>
	<Room>ΕΡΓ-ΦΥΣ</Room>
</Activity>
<Activity>
	<Id>135</Id>
	<Day>Wednesday</Day>
	<Hour>08:00</Hour>
	<Room></Room>
</Activity>
<Activity>
	<Id>136</Id>
	<Day>Wednesday</Day>
	<Hour>12:00</Hour>
	<Room></Room>
</Activity>
<Activity>
	<Id>148</Id>
	<Day>Monday</Day>
	<Hour>11:00</Hour>
	<Room></Room>
</Activity>
<Activity>
	<Id>149</Id>
	<Day>Wednesday</Day>
	<Hour>08:00</Hour>
	<Room></Room>
</Activity>
<Activity>
	<Id>150</Id>
	<Day>Friday</Day>
	<Hour>12:00</Hour>
	<Room></Room>
</Activity>
<Activity>
	<Id>151</Id>
	<Day>Tuesday</Day>
	<Hour>13:00</Hour>
	<Room></Room>
</Activity>
<Activity>
	<Id>170</Id>
	<Day>Monday</Day>
	<Hour>08:00</Hour>
	<Room></Room>
</Activity>
<Activity>
	<Id>171</Id>
	<Day>Wednesday</Day>
	<Hour>11:00</Hour>
	<Room></Room>
</Activity>
<Activity>
	<Id>172</Id>
	<Day>Wednesday</Day>
	<Hour>09:00</Hour>
	<Room></Room>
</Activity>
<Activity>
	<Id>173</Id>
	<Day>Thursday</Day>
	<Hour>14:00</Hour>
	<Room></Room>
</Activity>
<Activity>
	<Id>174</Id>
	<Day>Tuesday</Day>
	<Hour>10:00</Hour>
	<Room></Room>
</Activity>
<Activity>
	<Id>175</Id>
	<Day>Friday</Day>
	<Hour>08:00</Hour>
	<Room></Room>
</Activity>
<Activity>
	<Id>176</Id>
	<Day>Tuesday</Day>
	<Hour>12:00</Hour>
	<Room></Room>
</Activity>
<Activity>
	<Id>177</Id>
	<Day>Wednesday</Day>
	<Hour>12:00</Hour>
	<Room></Room>
</Activity>
<Activity>
	<Id>178</Id>
	<Day>Tuesday</Day>
	<Hour>13:00</Hour>
	<Room></Room>
</Activity>
<Activity>
	<Id>179</Id>
	<Day>Monday</Day>
	<Hour>09:00</Hour>
	<Room></Room>
</Activity>
<Activity>
	<Id>180</Id>
	<Day>Wednesday</Day>
	<Hour>08:00</Hour>
	<Room></Room>
</Activity>
<Activity>
	<Id>181</Id>
	<Day>Tuesday</Day>
	<Hour>14:00</Hour>
	<Room></Room>
</Activity>
<Activity>
	<Id>182</Id>
	<Day>Monday</Day>
	<Hour>11:00</Hour>
	<Room></Room>
</Activity>
<Activity>
	<Id>183</Id>
	<Day>Friday</Day>
	<Hour>11:00</Hour>
	<Room></Room>
</Activity>
<Activity>
	<Id>184</Id>
	<Day>Thursday</Day>
	<Hour>13:00</Hour>
	<Room></Room>
</Activity>
<Activity>
	<Id>185</Id>
	<Day>Monday</Day>
	<Hour>12:00</Hour>
	<Room></Room>
</Activity>
<Activity>
	<Id>186</Id>
	<Day>Thursday</Day>
	<Hour>14:00</Hour>
	<Room></Room>
</Activity>
<Activity>
	<Id>187</Id>
	<Day>Friday</Day>
	<Hour>08:00</Hour>
	<Room></Room>
</Activity>
<Activity>
	<Id>188</Id>
	<Day>Friday</Day>
	<Hour>09:00</Hour>
	<Room></Room>
</Activity>
<Activity>
	<Id>189</Id>
	<Day>Thursday</Day>
	<Hour>13:00</Hour>
	<Room></Room>
</Activity>
<Activity>
	<Id>190</Id>
	<Day>Thursday</Day>
	<Hour>12:00</Hour>
	<Room></Room>
</Activity>
<Activity>
	<Id>191</Id>
	<Day>Friday</Day>
	<Hour>10:00</Hour>
	<Room></Room>
</Activity>
<Activity>
	<Id>206</Id>
	<Day>Wednesday</Day>
	<Hour>11:00</Hour>
	<Room></Room>
</Activity>
<Activity>
	<Id>207</Id>
	<Day>Thursday</Day>
	<Hour>13:00</Hour>
	<Room></Room>
</Activity>
<Activity>
	<Id>208</Id>
	<Day>Wednesday</Day>
	<Hour>13:00</Hour>
	<Room></Room>
</Activity>
<Activity>
	<Id>209</Id>
	<Day>Thursday</Day>
	<Hour>10:00</Hour>
	<Room></Room>
</Activity>
<Activity>
	<Id>210</Id>
	<Day>Thursday</Day>
	<Hour>12:00</Hour>
	<Room></Room>
</Activity>
<Activity>
	<Id>211</Id>
	<Day>Friday</Day>
	<Hour>08:00</Hour>
	<Room></Room>
</Activity>
<Activity>
	<Id>212</Id>
	<Day>Friday</Day>
	<Hour>11:00</Hour>
	<Room></Room>
</Activity>
<Activity>
	<Id>213</Id>
	<Day>Friday</Day>
	<Hour>12:00</Hour>
	<Room></Room>
</Activity>
<Activity>
	<Id>214</Id>
	<Day>Friday</Day>
	<Hour>09:00</Hour>
	<Room></Room>
</Activity>
<Activity>
	<Id>215</Id>
	<Day>Thursday</Day>
	<Hour>14:00</Hour>
	<Room></Room>
</Activity>
<Activity>
	<Id>216</Id>
	<Day>Friday</Day>
	<Hour>08:00</Hour>
	<Room>ΕΡΓ-ΦΥΣ</Room>
</Activity>
<Activity>
	<Id>217</Id>
	<Day>Tuesday</Day>
	<Hour>08:00</Hour>
	<Room>ΕΡΓ-ΦΥΣ</Room>
</Activity>
<Activity>
	<Id>218</Id>
	<Day>Monday</Day>
	<Hour>13:00</Hour>
	<Room>ΕΡΓ-ΦΥΣ</Room>
</Activity>
<Activity>
	<Id>219</Id>
	<Day>Wednesday</Day>
	<Hour>10:00</Hour>
	<Room>ΕΡΓ-ΦΥΣ</Room>
</Activity>
<Activity>
	<Id>220</Id>
	<Day>Thursday</Day>
	<Hour>12:00</Hour>
	<Room></Room>
</Activity>
<Activity>
	<Id>221</Id>
	<Day>Monday</Day>
	<Hour>09:00</Hour>
	<Room></Room>
</Activity>
<Activity>
	<Id>222</Id>
	<Day>Tuesday</Day>
	<Hour>14:00</Hour>
	<Room></Room>
</Activity>
<Activity>
	<Id>223</Id>
	<Day>Friday</Day>
	<Hour>10:00</Hour>
	<Room></Room>
</Activity>
<Activity>
	<Id>224</Id>
	<Day>Tuesday</Day>
	<Hour>12:00</Hour>
	<Room></Room>
</Activity>
<Activity>
	<Id>225</Id>
	<Day>Wednesday</Day>
	<Hour>09:00</Hour>
	<Room></Room>
</Activity>
<Activity>
	<Id>226</Id>
	<Day>Wednesday</Day>
	<Hour>13:00</Hour>
	<Room>ΕΡΓ-ΦΥΣ</Room>
</Activity>
<Activity>
	<Id>227</Id>
	<Day>Tuesday</Day>
	<Hour>13:00</Hour>
	<Room>ΕΡΓ-ΦΥΣ</Room>
</Activity>
<Activity>
	<Id>316</Id>
	<Day>Thursday</Day>
	<Hour>10:00</Hour>
	<Room></Room>
</Activity>
<Activity>
	<Id>317</Id>
	<Day>Thursday</Day>
	<Hour>12:00</Hour>
	<Room></Room>
</Activity>
<Activity>
	<Id>318</Id>
	<Day>Thursday</Day>
	<Hour>13:00</Hour>
	<Room></Room>
</Activity>
<Activity>
	<Id>319</Id>
	<Day>Friday</Day>
	<Hour>09:00</Hour>
	<Room></Room>
</Activity>
<Activity>
	<Id>320</Id>
	<Day>Thursday</Day>
	<Hour>14:00</Hour>
	<Room></Room>
</Activity>
<Activity>
	<Id>321</Id>
	<Day>Wednesday</Day>
	<Hour>09:00</Hour>
	<Room></Room>
</Activity>
<Activity>
	<Id>322</Id>
	<Day>Wednesday</Day>
	<Hour>10:00</Hour>
	<Room></Room>
</Activity>
<Activity>
	<Id>323</Id>
	<Day>Wednesday</Day>
	<Hour>11:00</Hour>
	<Room></Room>
</Activity>
<Activity>
	<Id>324</Id>
	<Day>Friday</Day>
	<Hour>12:00</Hour>
	<Room></Room>
</Activity>
<Activity>
	<Id>325</Id>
	<Day>Friday</Day>
	<Hour>11:00</Hour>
	<Room></Room>
</Activity>
<Activity>
	<Id>326</Id>
	<Day>Wednesday</Day>
	<Hour>08:00</Hour>
	<Room></Room>
</Activity>
<Activity>
	<Id>327</Id>
	<Day>Friday</Day>
	<Hour>08:00</Hour>
	<Room></Room>
</Activity>
<Activity>
	<Id>328</Id>
	<Day>Monday</Day>
	<Hour>11:00</Hour>
	<Room></Room>
</Activity>
<Activity>
	<Id>329</Id>
	<Day>Tuesday</Day>
	<Hour>10:00</Hour>
	<Room></Room>
</Activity>
<Activity>
	<Id>330</Id>
	<Day>Tuesday</Day>
	<Hour>14:00</Hour>
	<Room></Room>
</Activity>
<Activity>
	<Id>331</Id>
	<Day>Monday</Day>
	<Hour>12:00</Hour>
	<Room></Room>
</Activity>
<Activity>
	<Id>336</Id>
	<Day>Friday</Day>
	<Hour>13:00</Hour>
	<Room></Room>
</Activity>
<Activity>
	<Id>337</Id>
	<Day>Wednesday</Day>
	<Hour>13:00</Hour>
	<Room></Room>
</Activity>
<Activity>
	<Id>338</Id>
	<Day>Monday</Day>
	<Hour>13:00</Hour>
	<Room></Room>
</Activity>
<Activity>
	<Id>339</Id>
	<Day>Thursday</Day>
	<Hour>12:00</Hour>
	<Room></Room>
</Activity>
<Activity>
	<Id>340</Id>
	<Day>Tuesday</Day>
	<Hour>12:00</Hour>
	<Room></Room>
</Activity>
<Activity>
	<Id>341</Id>
	<Day>Thursday</Day>
	<Hour>10:00</Hour>
	<Room></Room>
</Activity>
<Activity>
	<Id>346</Id>
	<Day>Thursday</Day>
	<Hour>08:00</Hour>
	<Room></Room>
</Activity>
<Activity>
	<Id>347</Id>
	<Day>Friday</Day>
	<Hour>10:00</Hour>
	<Room></Room>
</Activity>
<Activity>
	<Id>348</Id>
	<Day>Friday</Day>
	<Hour>11:00</Hour>
	<Room></Room>
</Activity>
<Activity>
	<Id>349</Id>
	<Day>Thursday</Day>
	<Hour>14:00</Hour>
	<Room></Room>
</Activity>
<Activity>
	<Id>350</Id>
	<Day>Wednesday</Day>
	<Hour>13:00</Hour>
	<Room></Room>
</Activity>
<Activity>
	<Id>351</Id>
	<Day>Thursday</Day>
	<Hour>14:00</Hour>
	<Room></Room>
</Activity>
<Activity>
	<Id>352</Id>
	<Day>Friday</Day>
	<Hour>13:00</Hour>
	<Room></Room>
</Activity>
<Activity>
	<Id>353</Id>
	<Day>Wednesday</Day>
	<Hour>11:00</Hour>
	<Room></Room>
</Activity>
<Activity>
	<Id>354</Id>
	<Day>Friday</Day>
	<Hour>12:00</Hour>
	<Room></Room>
</Activity>
<Activity>
	<Id>355</Id>
	<Day>Thursday</Day>
	<Hour>12:00</Hour>
	<Room></Room>
</Activity>
<Activity>
	<Id>356</Id>
	<Day>Friday</Day>
	<Hour>09:00</Hour>
	<Room></Room>
</Activity>
<Activity>
	<Id>357</Id>
	<Day>Thursday</Day>
	<Hour>11:00</Hour>
	<Room></Room>
</Activity>
<Activity>
	<Id>358</Id>
	<Day>Wednesday</Day>
	<Hour>10:00</Hour>
	<Room></Room>
</Activity>
<Activity>
	<Id>359</Id>
	<Day>Wednesday</Day>
	<Hour>12:00</Hour>
	<Room></Room>
</Activity>
<Activity>
	<Id>360</Id>
	<Day>Thursday</Day>
	<Hour>13:00</Hour>
	<Room></Room>
</Activity>
<Activity>
	<Id>361</Id>
	<Day>Friday</Day>
	<Hour>11:00</Hour>
	<Room></Room>
</Activity>
<Activity>
	<Id>364</Id>
	<Day>Friday</Day>
	<Hour>10:00</Hour>
	<Room></Room>
</Activity>
<Activity>
	<Id>366</Id>
	<Day>Monday</Day>
	<Hour>12:00</Hour>
	<Room></Room>
</Activity>
<Activity>
	<Id>367</Id>
	<Day>Wednesday</Day>
	<Hour>12:00</Hour>
	<Room></Room>
</Activity>
<Activity>
	<Id>368</Id>
	<Day>Wednesday</Day>
	<Hour>08:00</Hour>
	<Room></Room>
</Activity>
<Activity>
	<Id>369</Id>
	<Day>Friday</Day>
	<Hour>13:00</Hour>
	<Room></Room>
</Activity>
<Activity>
	<Id>370</Id>
	<Day>Monday</Day>
	<Hour>10:00</Hour>
	<Room></Room>
</Activity>
<Activity>
	<Id>371</Id>
	<Day>Thursday</Day>
	<Hour>08:00</Hour>
	<Room></Room>
</Activity>
<Activity>
	<Id>372</Id>
	<Day>Tuesday</Day>
	<Hour>13:00</Hour>
	<Room></Room>
</Activity>
<Activity>
	<Id>373</Id>
	<Day>Wednesday</Day>
	<Hour>10:00</Hour>
	<Room></Room>
</Activity>
<Activity>
	<Id>405</Id>
	<Day>Tuesday</Day>
	<Hour>12:00</Hour>
	<Room></Room>
</Activity>
<Activity>
	<Id>406</Id>
	<Day>Wednesday</Day>
	<Hour>08:00</Hour>
	<Room></Room>
</Activity>
<Activity>
	<Id>407</Id>
	<Day>Monday</Day>
	<Hour>11:00</Hour>
	<Room></Room>
</Activity>
<Activity>
	<Id>408</Id>
	<Day>Wednesday</Day>
	<Hour>10:00</Hour>
	<Room></Room>
</Activity>
<Activity>
	<Id>409</Id>
	<Day>Tuesday</Day>
	<Hour>14:00</Hour>
	<Room></Room>
</Activity>
<Activity>
	<Id>410</Id>
	<Day>Thursday</Day>
	<Hour>11:00</Hour>
	<Room></Room>
</Activity>
<Activity>
	<Id>411</Id>
	<Day>Friday</Day>
	<Hour>11:00</Hour>
	<Room></Room>
</Activity>
<Activity>
	<Id>412</Id>
	<Day>Thursday</Day>
	<Hour>13:00</Hour>
	<Room></Room>
</Activity>
<Activity>
	<Id>413</Id>
	<Day>Thursday</Day>
	<Hour>10:00</Hour>
	<Room></Room>
</Activity>
<Activity>
	<Id>414</Id>
	<Day>Wednesday</Day>
	<Hour>12:00</Hour>
	<Room></Room>
</Activity>
<Activity>
	<Id>419</Id>
	<Day>Friday</Day>
	<Hour>13:00</Hour>
	<Room></Room>
</Activity>
<Activity>
	<Id>420</Id>
	<Day>Monday</Day>
	<Hour>08:00</Hour>
	<Room></Room>
</Activity>
<Activity>
	<Id>421</Id>
	<Day>Wednesday</Day>
	<Hour>12:00</Hour>
	<Room></Room>
</Activity>
<Activity>
	<Id>422</Id>
	<Day>Thursday</Day>
	<Hour>08:00</Hour>
	<Room></Room>
</Activity>
<Activity>
	<Id>423</Id>
	<Day>Tuesday</Day>
	<Hour>08:00</Hour>
	<Room></Room>
</Activity>
<Activity>
	<Id>424</Id>
	<Day>Thursday</Day>
	<Hour>09:00</Hour>
	<Room></Room>
</Activity>
<Activity>
	<Id>449</Id>
	<Day>Wednesday</Day>
	<Hour>08:00</Hour>
	<Room></Room>
</Activity>
<Activity>
	<Id>450</Id>
	<Day>Monday</Day>
	<Hour>10:00</Hour>
	<Room></Room>
</Activity>
<Activity>
	<Id>451</Id>
	<Day>Thursday</Day>
	<Hour>12:00</Hour>
	<Room></Room>
</Activity>
<Activity>
	<Id>452</Id>
	<Day>Tuesday</Day>
	<Hour>10:00</Hour>
	<Room></Room>
</Activity>
<Activity>
	<Id>453</Id>
	<Day>Wednesday</Day>
	<Hour>10:00</Hour>
	<Room></Room>
</Activity>
<Activity>
	<Id>454</Id>
	<Day>Thursday</Day>
	<Hour>09:00</Hour>
	<Room></Room>
</Activity>
<Activity>
	<Id>455</Id>
	<Day>Friday</Day>
	<Hour>09:00</Hour>
	<Room></Room>
</Activity>
<Activity>
	<Id>456</Id>
	<Day>Tuesday</Day>
	<Hour>08:00</Hour>
	<Room></Room>
</Activity>
<Activity>
	<Id>457</Id>
	<Day>Friday</Day>
	<Hour>08:00</Hour>
	<Room></Room>
</Activity>
<Activity>
	<Id>458</Id>
	<Day>Thursday</Day>
	<Hour>08:00</Hour>
	<Room></Room>
</Activity>
<Activity>
	<Id>459</Id>
	<Day>Monday</Day>
	<Hour>13:00</Hour>
	<Room></Room>
</Activity>
<Activity>
	<Id>460</Id>
	<Day>Tuesday</Day>
	<Hour>11:00</Hour>
	<Room></Room>
</Activity>
<Activity>
	<Id>461</Id>
	<Day>Tuesday</Day>
	<Hour>09:00</Hour>
	<Room></Room>
</Activity>
<Activity>
	<Id>462</Id>
	<Day>Friday</Day>
	<Hour>10:00</Hour>
	<Room></Room>
</Activity>
<Activity>
	<Id>463</Id>
	<Day>Monday</Day>
	<Hour>11:00</Hour>
	<Room></Room>
</Activity>
<Activity>
	<Id>464</Id>
	<Day>Wednesday</Day>
	<Hour>12:00</Hour>
	<Room></Room>
</Activity>
<Activity>
	<Id>465</Id>
	<Day>Monday</Day>
	<Hour>09:00</Hour>
	<Room></Room>
</Activity>
<Activity>
	<Id>466</Id>
	<Day>Wednesday</Day>
	<Hour>09:00</Hour>
	<Room></Room>
</Activity>
<Activity>
	<Id>467</Id>
	<Day>Friday</Day>
	<Hour>12:00</Hour>
	<Room></Room>
</Activity>
<Activity>
	<Id>468</Id>
	<Day>Thursday</Day>
	<Hour>11:00</Hour>
	<Room></Room>
</Activity>
<Activity>
	<Id>469</Id>
	<Day>Thursday</Day>
	<Hour>12:00</Hour>
	<Room></Room>
</Activity>
<Activity>
	<Id>470</Id>
	<Day>Tuesday</Day>
	<Hour>11:00</Hour>
	<Room></Room>
</Activity>
<Activity>
	<Id>471</Id>
	<Day>Monday</Day>
	<Hour>10:00</Hour>
	<Room></Room>
</Activity>
<Activity>
	<Id>472</Id>
	<Day>Friday</Day>
	<Hour>13:00</Hour>
	<Room></Room>
</Activity>
<Activity>
	<Id>473</Id>
	<Day>Thursday</Day>
	<Hour>08:00</Hour>
	<Room></Room>
</Activity>
<Activity>
	<Id>474</Id>
	<Day>Tuesday</Day>
	<Hour>08:00</Hour>
	<Room></Room>
</Activity>
<Activity>
	<Id>475</Id>
	<Day>Monday</Day>
	<Hour>13:00</Hour>
	<Room></Room>
</Activity>
<Activity>
	<Id>476</Id>
	<Day>Wednesday</Day>
	<Hour>11:00</Hour>
	<Room></Room>
</Activity>
<Activity>
	<Id>477</Id>
	<Day>Thursday</Day>
	<Hour>10:00</Hour>
	<Room></Room>
</Activity>
<Activity>
	<Id>478</Id>
	<Day>Wednesday</Day>
	<Hour>12:00</Hour>
	<Room></Room>
</Activity>
<Activity>
	<Id>479</Id>
	<Day>Monday</Day>
	<Hour>12:00</Hour>
	<Room></Room>
</Activity>
<Activity>
	<Id>480</Id>
	<Day>Friday</Day>
	<Hour>11:00</Hour>
	<Room></Room>
</Activity>
<Activity>
	<Id>481</Id>
	<Day>Tuesday</Day>
	<Hour>09:00</Hour>
	<Room></Room>
</Activity>
<Activity>
	<Id>482</Id>
	<Day>Thursday</Day>
	<Hour>09:00</Hour>
	<Room></Room>
</Activity>
<Activity>
	<Id>483</Id>
	<Day>Wednesday</Day>
	<Hour>13:00</Hour>
	<Room></Room>
</Activity>
<Activity>
	<Id>484</Id>
	<Day>Monday</Day>
	<Hour>09:00</Hour>
	<Room></Room>
</Activity>
<Activity>
	<Id>485</Id>
	<Day>Monday</Day>
	<Hour>11:00</Hour>
	<Room></Room>
</Activity>
<Activity>
	<Id>486</Id>
	<Day>Friday</Day>
	<Hour>13:00</Hour>
	<Room></Room>
</Activity>
<Activity>
	<Id>487</Id>
	<Day>Thursday</Day>
	<Hour>09:00</Hour>
	<Room></Room>
</Activity>
<Activity>
	<Id>488</Id>
	<Day>Wednesday</Day>
	<Hour>09:00</Hour>
	<Room></Room>
</Activity>
<Activity>
	<Id>489</Id>
	<Day>Wednesday</Day>
	<Hour>08:00</Hour>
	<Room></Room>
</Activity>
<Activity>
	<Id>490</Id>
	<Day>Friday</Day>
	<Hour>10:00</Hour>
	<Room></Room>
</Activity>
<Activity>
	<Id>491</Id>
	<Day>Thursday</Day>
	<Hour>08:00</Hour>
	<Room></Room>
</Activity>
<Activity>
	<Id>492</Id>
	<Day>Monday</Day>
	<Hour>12:00</Hour>
	<Room></Room>
</Activity>
<Activity>
	<Id>493</Id>
	<Day>Thursday</Day>
	<Hour>11:00</Hour>
	<Room></Room>
</Activity>
<Activity>
	<Id>494</Id>
	<Day>Monday</Day>
	<Hour>13:00</Hour>
	<Room></Room>
</Activity>
<Activity>
	<Id>495</Id>
	<Day>Tuesday</Day>
	<Hour>13:00</Hour>
	<Room></Room>
</Activity>
<Activity>
	<Id>496</Id>
	<Day>Friday</Day>
	<Hour>12:00</Hour>
	<Room></Room>
</Activity>
<Activity>
	<Id>497</Id>
	<Day>Wednesday</Day>
	<Hour>09:00</Hour>
	<Room></Room>
</Activity>
<Activity>
	<Id>498</Id>
	<Day>Monday</Day>
	<Hour>08:00</Hour>
	<Room></Room>
</Activity>
<Activity>
	<Id>499</Id>
	<Day>Friday</Day>
	<Hour>13:00</Hour>
	<Room></Room>
</Activity>
<Activity>
	<Id>500</Id>
	<Day>Monday</Day>
	<Hour>13:00</Hour>
	<Room></Room>
</Activity>
<Activity>
	<Id>501</Id>
	<Day>Friday</Day>
	<Hour>09:00</Hour>
	<Room></Room>
</Activity>
<Activity>
	<Id>502</Id>
	<Day>Thursday</Day>
	<Hour>11:00</Hour>
	<Room></Room>
</Activity>
<Activity>
	<Id>508</Id>
	<Day>Wednesday</Day>
	<Hour>11:00</Hour>
	<Room></Room>
</Activity>
<Activity>
	<Id>509</Id>
	<Day>Monday</Day>
	<Hour>13:00</Hour>
	<Room></Room>
</Activity>
<Activity>
	<Id>510</Id>
	<Day>Friday</Day>
	<Hour>12:00</Hour>
	<Room></Room>
</Activity>
<Activity>
	<Id>511</Id>
	<Day>Tuesday</Day>
	<Hour>13:00</Hour>
	<Room></Room>
</Activity>
<Activity>
	<Id>512</Id>
	<Day>Tuesday</Day>
	<Hour>13:00</Hour>
	<Room></Room>
</Activity>
<Activity>
	<Id>513</Id>
	<Day>Monday</Day>
	<Hour>08:00</Hour>
	<Room></Room>
</Activity>
<Activity>
	<Id>514</Id>
	<Day>Tuesday</Day>
	<Hour>14:00</Hour>
	<Room></Room>
</Activity>
<Activity>
	<Id>515</Id>
	<Day>Monday</Day>
	<Hour>09:00</Hour>
	<Room></Room>
</Activity>
<Activity>
	<Id>516</Id>
	<Day>Friday</Day>
	<Hour>08:00</Hour>
	<Room></Room>
</Activity>
<Activity>
	<Id>517</Id>
	<Day>Thursday</Day>
	<Hour>10:00</Hour>
	<Room></Room>
</Activity>
<Activity>
	<Id>518</Id>
	<Day>Tuesday</Day>
	<Hour>12:00</Hour>
	<Room></Room>
</Activity>
<Activity>
	<Id>519</Id>
	<Day>Friday</Day>
	<Hour>10:00</Hour>
	<Room></Room>
</Activity>
<Activity>
	<Id>520</Id>
	<Day>Tuesday</Day>
	<Hour>10:00</Hour>
	<Room></Room>
</Activity>
<Activity>
	<Id>521</Id>
	<Day>Thursday</Day>
	<Hour>08:00</Hour>
	<Room></Room>
</Activity>
<Activity>
	<Id>522</Id>
	<Day>Tuesday</Day>
	<Hour>08:00</Hour>
	<Room></Room>
</Activity>
<Activity>
	<Id>523</Id>
	<Day>Thursday</Day>
	<Hour>09:00</Hour>
	<Room></Room>
</Activity>
<Activity>
	<Id>524</Id>
	<Day>Friday</Day>
	<Hour>09:00</Hour>
	<Room></Room>
</Activity>
<Activity>
	<Id>525</Id>
	<Day>Tuesday</Day>
	<Hour>09:00</Hour>
	<Room></Room>
</Activity>
<Activity>
	<Id>527</Id>
	<Day>Monday</Day>
	<Hour>10:00</Hour>
	<Room></Room>
</Activity>
<Activity>
	<Id>528</Id>
	<Day>Thursday</Day>
	<Hour>09:00</Hour>
	<Room></Room>
</Activity>
<Activity>
	<Id>529</Id>
	<Day>Thursday</Day>
	<Hour>11:00</Hour>
	<Room></Room>
</Activity>
<Activity>
	<Id>530</Id>
	<Day>Tuesday</Day>
	<Hour>09:00</Hour>
	<Room></Room>
</Activity>
<Activity>
	<Id>531</Id>
	<Day>Wednesday</Day>
	<Hour>11:00</Hour>
	<Room></Room>
</Activity>
<Activity>
	<Id>532</Id>
	<Day>Tuesday</Day>
	<Hour>11:00</Hour>
	<Room></Room>
</Activity>
<Activity>
	<Id>533</Id>
	<Day>Thursday</Day>
	<Hour>08:00</Hour>
	<Room></Room>
</Activity>
<Activity>
	<Id>534</Id>
	<Day>Wednesday</Day>
	<Hour>12:00</Hour>
	<Room></Room>
</Activity>
<Activity>
	<Id>535</Id>
	<Day>Monday</Day>
	<Hour>12:00</Hour>
	<Room></Room>
</Activity>
<Activity>
	<Id>536</Id>
	<Day>Thursday</Day>
	<Hour>12:00</Hour>
	<Room></Room>
</Activity>
<Activity>
	<Id>537</Id>
	<Day>Wednesday</Day>
	<Hour>10:00</Hour>
	<Room></Room>
</Activity>
<Activity>
	<Id>538</Id>
	<Day>Monday</Day>
	<Hour>10:00</Hour>
	<Room></Room>
</Activity>
<Activity>
	<Id>539</Id>
	<Day>Wednesday</Day>
	<Hour>12:00</Hour>
	<Room></Room>
</Activity>
<Activity>
	<Id>540</Id>
	<Day>Thursday</Day>
	<Hour>10:00</Hour>
	<Room></Room>
</Activity>
<Activity>
	<Id>541</Id>
	<Day>Friday</Day>
	<Hour>13:00</Hour>
	<Room></Room>
</Activity>
<Activity>
	<Id>542</Id>
	<Day>Thursday</Day>
	<Hour>11:00</Hour>
	<Room></Room>
</Activity>
<Activity>
	<Id>543</Id>
	<Day>Wednesday</Day>
	<Hour>11:00</Hour>
	<Room></Room>
</Activity>
<Activity>
	<Id>544</Id>
	<Day>Friday</Day>
	<Hour>12:00</Hour>
	<Room></Room>
</Activity>
<Activity>
	<Id>545</Id>
	<Day>Thursday</Day>
	<Hour>14:00</Hour>
	<Room></Room>
</Activity>
<Activity>
	<Id>546</Id>
	<Day>Tuesday</Day>
	<Hour>14:00</Hour>
	<Room></Room>
</Activity>
<Activity>
	<Id>547</Id>
	<Day>Tuesday</Day>
	<Hour>10:00</Hour>
	<Room></Room>
</Activity>
<Activity>
	<Id>548</Id>
	<Day>Friday</Day>
	<Hour>10:00</Hour>
	<Room></Room>
</Activity>
<Activity>
	<Id>549</Id>
	<Day>Thursday</Day>
	<Hour>13:00</Hour>
	<Room></Room>
</Activity>
<Activity>
	<Id>550</Id>
	<Day>Wednesday</Day>
	<Hour>13:00</Hour>
	<Room></Room>
</Activity>
<Activity>
	<Id>551</Id>
	<Day>Monday</Day>
	<Hour>12:00</Hour>
	<Room></Room>
</Activity>
<Activity>
	<Id>552</Id>
	<Day>Tuesday</Day>
	<Hour>11:00</Hour>
	<Room></Room>
</Activity>
<Activity>
	<Id>553</Id>
	<Day>Monday</Day>
	<Hour>13:00</Hour>
	<Room></Room>
</Activity>
<Activity>
	<Id>554</Id>
	<Day>Tuesday</Day>
	<Hour>12:00</Hour>
	<Room></Room>
</Activity>
<Activity>
	<Id>555</Id>
	<Day>Friday</Day>
	<Hour>13:00</Hour>
	<Room></Room>
</Activity>
<Activity>
	<Id>556</Id>
	<Day>Tuesday</Day>
	<Hour>13:00</Hour>
	<Room></Room>
</Activity>
<Activity>
	<Id>557</Id>
	<Day>Thursday</Day>
	<Hour>14:00</Hour>
	<Room></Room>
</Activity>
<Activity>
	<Id>558</Id>
	<Day>Tuesday</Day>
	<Hour>11:00</Hour>
	<Room></Room>
</Activity>
<Activity>
	<Id>559</Id>
	<Day>Friday</Day>
	<Hour>08:00</Hour>
	<Room></Room>
</Activity>
<Activity>
	<Id>560</Id>
	<Day>Wednesday</Day>
	<Hour>13:00</Hour>
	<Room></Room>
</Activity>
<Activity>
	<Id>561</Id>
	<Day>Tuesday</Day>
	<Hour>08:00</Hour>
	<Room></Room>
</Activity>
<Activity>
	<Id>562</Id>
	<Day>Monday</Day>
	<Hour>13:00</Hour>
	<Room></Room>
</Activity>
<Activity>
	<Id>563</Id>
	<Day>Thursday</Day>
	<Hour>12:00</Hour>
	<Room></Room>
</Activity>
<Activity>
	<Id>564</Id>
	<Day>Friday</Day>
	<Hour>10:00</Hour>
	<Room></Room>
</Activity>
<Activity>
	<Id>565</Id>
	<Day>Tuesday</Day>
	<Hour>14:00</Hour>
	<Room></Room>
</Activity>
<Activity>
	<Id>566</Id>
	<Day>Friday</Day>
	<Hour>12:00</Hour>
	<Room></Room>
</Activity>
<Activity>
	<Id>567</Id>
	<Day>Wednesday</Day>
	<Hour>09:00</Hour>
	<Room></Room>
</Activity>
<Activity>
	<Id>568</Id>
	<Day>Monday</Day>
	<Hour>10:00</Hour>
	<Room></Room>
</Activity>
<Activity>
	<Id>569</Id>
	<Day>Tuesday</Day>
	<Hour>09:00</Hour>
	<Room></Room>
</Activity>
<Activity>
	<Id>570</Id>
	<Day>Tuesday</Day>
	<Hour>11:00</Hour>
	<Room></Room>
</Activity>
<Activity>
	<Id>571</Id>
	<Day>Friday</Day>
	<Hour>12:00</Hour>
	<Room></Room>
</Activity>
<Activity>
	<Id>572</Id>
	<Day>Wednesday</Day>
	<Hour>13:00</Hour>
	<Room></Room>
</Activity>
<Activity>
	<Id>573</Id>
	<Day>Friday</Day>
	<Hour>11:00</Hour>
	<Room></Room>
</Activity>
<Activity>
	<Id>574</Id>
	<Day>Wednesday</Day>
	<Hour>11:00</Hour>
	<Room></Room>
</Activity>
<Activity>
	<Id>575</Id>
	<Day>Monday</Day>
	<Hour>10:00</Hour>
	<Room></Room>
</Activity>
<Activity>
	<Id>576</Id>
	<Day>Thursday</Day>
	<Hour>09:00</Hour>
	<Room></Room>
</Activity>
<Activity>
	<Id>577</Id>
	<Day>Wednesday</Day>
	<Hour>13:00</Hour>
	<Room></Room>
</Activity>
<Activity>
	<Id>582</Id>
	<Day>Friday</Day>
	<Hour>13:00</Hour>
	<Room></Room>
</Activity>
<Activity>
	<Id>583</Id>
	<Day>Tuesday</Day>
	<Hour>11:00</Hour>
	<Room></Room>
</Activity>
<Activity>
	<Id>586</Id>
	<Day>Thursday</Day>
	<Hour>12:00</Hour>
	<Room></Room>
</Activity>
<Activity>
	<Id>587</Id>
	<Day>Friday</Day>
	<Hour>09:00</Hour>
	<Room></Room>
</Activity>
<Activity>
	<Id>588</Id>
	<Day>Wednesday</Day>
	<Hour>13:00</Hour>
	<Room></Room>
</Activity>
<Activity>
	<Id>589</Id>
	<Day>Friday</Day>
	<Hour>08:00</Hour>
	<Room></Room>
</Activity>
<Activity>
	<Id>590</Id>
	<Day>Thursday</Day>
	<Hour>12:00</Hour>
	<Room></Room>
</Activity>
<Activity>
	<Id>591</Id>
	<Day>Friday</Day>
	<Hour>10:00</Hour>
	<Room></Room>
</Activity>
<Activity>
	<Id>592</Id>
	<Day>Monday</Day>
	<Hour>08:00</Hour>
	<Room></Room>
</Activity>
<Activity>
	<Id>593</Id>
	<Day>Tuesday</Day>
	<Hour>12:00</Hour>
	<Room></Room>
</Activity>
<Activity>
	<Id>594</Id>
	<Day>Monday</Day>
	<Hour>12:00</Hour>
	<Room></Room>
</Activity>
<Activity>
	<Id>595</Id>
	<Day>Friday</Day>
	<Hour>09:00</Hour>
	<Room></Room>
</Activity>
<Activity>
	<Id>596</Id>
	<Day>Thursday</Day>
	<Hour>13:00</Hour>
	<Room></Room>
</Activity>
<Activity>
	<Id>597</Id>
	<Day>Wednesday</Day>
	<Hour>10:00</Hour>
	<Room></Room>
</Activity>
<Activity>
	<Id>598</Id>
	<Day>Tuesday</Day>
	<Hour>08:00</Hour>
	<Room></Room>
</Activity>
<Activity>
	<Id>599</Id>
	<Day>Friday</Day>
	<Hour>11:00</Hour>
	<Room></Room>
</Activity>
<Activity>
	<Id>600</Id>
	<Day>Wednesday</Day>
	<Hour>12:00</Hour>
	<Room></Room>
</Activity>
<Activity>
	<Id>601</Id>
	<Day>Wednesday</Day>
	<Hour>13:00</Hour>
	<Room></Room>
</Activity>
<Activity>
	<Id>602</Id>
	<Day>Monday</Day>
	<Hour>09:00</Hour>
	<Room></Room>
</Activity>
<Activity>
	<Id>603</Id>
	<Day>Wednesday</Day>
	<Hour>10:00</Hour>
	<Room></Room>
</Activity>
<Activity>
	<Id>604</Id>
	<Day>Monday</Day>
	<Hour>13:00</Hour>
	<Room></Room>
</Activity>
<Activity>
	<Id>605</Id>
	<Day>Tuesday</Day>
	<Hour>12:00</Hour>
	<Room></Room>
</Activity>
<Activity>
	<Id>606</Id>
	<Day>Monday</Day>
	<Hour>08:00</Hour>
	<Room></Room>
</Activity>
<Activity>
	<Id>607</Id>
	<Day>Thursday</Day>
	<Hour>11:00</Hour>
	<Room></Room>
</Activity>
<Activity>
	<Id>608</Id>
	<Day>Friday</Day>
	<Hour>08:00</Hour>
	<Room></Room>
</Activity>
<Activity>
	<Id>609</Id>
	<Day>Monday</Day>
	<Hour>13:00</Hour>
	<Room></Room>
</Activity>
</Activities_Timetable>
