﻿<?xml version="1.0" encoding="UTF-8"?>
<Students_Timetable>
  <Subgroup name="Α1 Automatic Subgroup">
   <Day name="Monday">
    <Hour name="08:00">
      <Teacher name="ΠΑΠΑΔΟΠΟΥΛΟΥ ΠΟΠΗ"></Teacher> <Teacher name="ΑΝΑΠΛ-ΤΕΧΝΟΛΟΓΙΑ"></Teacher><Subject name="ΠΛΗΡΟΦ.-ΤΕΧΝΟΛ."></Subject>
    </Hour>
    <Hour name="09:00">
      <Teacher name="ΠΑΠΑΔΟΠΟΥΛΟΥ ΠΟΠΗ"></Teacher> <Teacher name="ΑΝΑΠΛ-ΤΕΧΝΟΛΟΓΙΑ"></Teacher><Subject name="ΠΛΗΡΟΦ.-ΤΕΧΝΟΛ."></Subject>
    </Hour>
    <Hour name="10:00">
      <Teacher name="ΠΑΝΤΕΛΙΔΟΥ ΕΦΗ"></Teacher><Subject name="ΓΥΜΝΑΣΤΙΚΗ"></Subject>
    </Hour>
    <Hour name="11:00">
      <Teacher name="ΓΑΡΝΕΛΛΗ ΕΥΑΓΓΕΛΙΑ"></Teacher><Subject name="ΝΕΑ-ΓΛΩΣΣΑ"></Subject>
    </Hour>
    <Hour name="12:00">
      <Teacher name="ΑΓΓΕΛΟΠΟΥΛΟΣ ΝΙΚΟΣ"></Teacher><Subject name="ΘΡΗΣΚΕΥΤΙΚΑ"></Subject>
    </Hour>
    <Hour name="13:00">
      <Teacher name="ΠΑΠΑΔΟΠΟΥΛΟΥ ΠΟΠΗ"></Teacher><Subject name="ΜΑΘΗΜΑΤΙΚΑ"></Subject><Activity_Tag name="ΜΑΘ"></Activity_Tag>
    </Hour>
    <Hour name="14:00">
     
    </Hour>
   </Day>
   <Day name="Tuesday">
    <Hour name="08:00">
      <Teacher name="ΤΣΙΑΜΤΣΟΥΡΗ ΒΙΒΗ"></Teacher><Subject name="ΝΕΑ-ΚΕΙΜΕΝΑ"></Subject>
    </Hour>
    <Hour name="09:00">
      <Teacher name="ΑΓΓΕΛΟΠΟΥΛΟΣ ΝΙΚΟΣ"></Teacher><Subject name="ΘΡΗΣΚΕΥΤΙΚΑ"></Subject>
    </Hour>
    <Hour name="10:00">
      <Teacher name="ΓΑΡΝΕΛΛΗ ΕΥΑΓΓΕΛΙΑ"></Teacher><Subject name="ΑΡΧΑΙΑ-ΜΕΤΑΦΡΑΣΗ"></Subject>
    </Hour>
    <Hour name="11:00">
      <Teacher name="ΦΑΙΤΑ ΜΑΡΙΑ"></Teacher><Subject name="ΑΓΓΛΙΚΑ-ΠΡΟΧ"></Subject>
    </Hour>
    <Hour name="12:00">
      <Teacher name="ΒΑΡΘΗΣ ΕΥΑΓΓΕΛΟΣ"></Teacher><Subject name="ΦΥΣΙΚΗ"></Subject><Room name="ΕΡΓ-ΦΥΣ"></Room>
    </Hour>
    <Hour name="13:00">
      <Teacher name="ΓΑΡΝΕΛΛΗ ΕΥΑΓΓΕΛΙΑ"></Teacher><Subject name="ΝΕΑ-ΓΛΩΣΣΑ"></Subject>
    </Hour>
    <Hour name="14:00">
      <Teacher name="ΓΑΡΝΕΛΛΗ ΕΥΑΓΓΕΛΙΑ"></Teacher><Subject name="ΝΕΑ-ΓΛΩΣΣΑ"></Subject>
    </Hour>
   </Day>
   <Day name="Wednesday">
    <Hour name="08:00">
      <Teacher name="ΓΑΡΝΕΛΛΗ ΕΥΑΓΓΕΛΙΑ"></Teacher><Subject name="ΙΣΤΟΡΙΑ"></Subject><Activity_Tag name="ΦΙΛ"></Activity_Tag>
    </Hour>
    <Hour name="09:00">
      <Teacher name="ΠΑΝΤΕΛΙΔΟΥ ΕΦΗ"></Teacher><Subject name="ΓΥΜΝΑΣΤΙΚΗ"></Subject>
    </Hour>
    <Hour name="10:00">
      <Teacher name="ΜΗΤΣΑΝΗ ΧΡΙΣΤΙΝΑ"></Teacher><Subject name="ΚΑΛΛΙΤΕΧΝΙΚΑ"></Subject>
    </Hour>
    <Hour name="11:00">
      <Teacher name="ΠΑΠΑΔΟΠΟΥΛΟΥ ΠΟΠΗ"></Teacher><Subject name="ΜΑΘΗΜΑΤΙΚΑ"></Subject><Activity_Tag name="ΜΑΘ"></Activity_Tag>
    </Hour>
    <Hour name="12:00">
      <Teacher name="ΦΑΙΤΑ ΜΑΡΙΑ"></Teacher><Subject name="ΑΓΓΛΙΚΑ-ΠΡΟΧ"></Subject>
    </Hour>
    <Hour name="13:00">
      <Teacher name="ΤΑΡΑΣΙΔΟΥ ΣΟΦΙΑ"></Teacher> <Teacher name="ΓΕΩΡΓΟΠΟΥΛΟΣ ΚΩΣΤΑΣ"></Teacher><Subject name="ΑΡΧΑΙΑ-ΠΡΩΤΟΤΥΠΟ"></Subject>
    </Hour>
    <Hour name="14:00">
     
    </Hour>
   </Day>
   <Day name="Thursday">
    <Hour name="08:00">
      <Teacher name="ΓΑΡΝΕΛΛΗ ΕΥΑΓΓΕΛΙΑ"></Teacher><Subject name="ΑΡΧΑΙΑ-ΜΕΤΑΦΡΑΣΗ"></Subject>
    </Hour>
    <Hour name="09:00">
      <Teacher name="ΠΑΠΑΔΟΠΟΥΛΟΥ ΠΟΠΗ"></Teacher><Subject name="ΜΑΘΗΜΑΤΙΚΑ"></Subject><Activity_Tag name="ΜΑΘ"></Activity_Tag>
    </Hour>
    <Hour name="10:00">
      <Teacher name="ΤΑΡΑΣΙΔΟΥ ΣΟΦΙΑ"></Teacher> <Teacher name="ΓΕΩΡΓΟΠΟΥΛΟΣ ΚΩΣΤΑΣ"></Teacher><Subject name="ΑΡΧΑΙΑ-ΠΡΩΤΟΤΥΠΟ"></Subject>
    </Hour>
    <Hour name="11:00">
      <Teacher name="ΤΣΑΟΥΣΙΔΗΣ ΝΙΚΗΤΑΣ"></Teacher><Subject name="ΟΙΚ.ΟΙΚΟΝΟΜΙΑ"></Subject>
    </Hour>
    <Hour name="12:00">
      <Teacher name="ΚΟΡΔΑ ΑΝΤΑ"></Teacher><Subject name="ΜΟΥΣΙΚΗ"></Subject>
    </Hour>
    <Hour name="13:00">
      <Teacher name="ΒΑΓΙΑ ΞΕΝΙΑ"></Teacher><Subject name="ΓΕΡΜΑΝΙΚΑ"></Subject>
    </Hour>
    <Hour name="14:00">
      <Teacher name="ΤΣΙΑΜΤΣΟΥΡΗ ΒΙΒΗ"></Teacher><Subject name="ΝΕΑ-ΚΕΙΜΕΝΑ"></Subject>
    </Hour>
   </Day>
   <Day name="Friday">
    <Hour name="08:00">
      <Teacher name="ΤΣΑΟΥΣΙΔΗΣ ΝΙΚΗΤΑΣ"></Teacher><Subject name="ΟΙΚ.ΟΙΚΟΝΟΜΙΑ"></Subject>
    </Hour>
    <Hour name="09:00">
      <Teacher name="ΠΑΠΑΔΟΠΟΥΛΟΥ ΠΟΠΗ"></Teacher><Subject name="ΜΑΘΗΜΑΤΙΚΑ"></Subject><Activity_Tag name="ΜΑΘ"></Activity_Tag>
    </Hour>
    <Hour name="10:00">
      <Teacher name="ΒΑΓΙΑ ΞΕΝΙΑ"></Teacher><Subject name="ΓΕΡΜΑΝΙΚΑ"></Subject>
    </Hour>
    <Hour name="11:00">
      <Teacher name="ΓΑΡΝΕΛΛΗ ΕΥΑΓΓΕΛΙΑ"></Teacher><Subject name="ΙΣΤΟΡΙΑ"></Subject><Activity_Tag name="ΦΙΛ"></Activity_Tag>
    </Hour>
    <Hour name="12:00">
      <Teacher name="ΒΑΡΘΗΣ ΕΥΑΓΓΕΛΟΣ"></Teacher><Subject name="ΒΙΟΛΟΓΙΑ"></Subject><Room name="ΕΡΓ-ΦΥΣ"></Room>
    </Hour>
    <Hour name="13:00">
      <Teacher name="ΣΚΑΦΤΟΥΡΟΥ ΔΗΜΗΤΡΑ"></Teacher><Subject name="ΓΕΩΓΡΑΦΙΑ"></Subject>
    </Hour>
    <Hour name="14:00">
     
    </Hour>
   </Day>
  </Subgroup>
  <Subgroup name="Α2* Automatic Subgroup">
   <Day name="Monday">
    <Hour name="08:00">
      <Teacher name="ΦΑΙΤΑ ΜΑΡΙΑ"></Teacher> <Teacher name="ΠΑΠΑΔΑΤΟΥ ΛΥΔΙΑ"></Teacher><Subject name="ΑΓΓΛΙΚΑ-ΠΡΟΧ"></Subject>
    </Hour>
    <Hour name="09:00">
      <Teacher name="ΜΟΝΑΣΤΗΡΙΩΤΗ ΑΣΗΜΙΝΑ"></Teacher><Subject name="ΝΕΑ-ΚΕΙΜΕΝΑ"></Subject>
    </Hour>
    <Hour name="10:00">
      <Teacher name="ΑΓΓΕΛΟΠΟΥΛΟΣ ΝΙΚΟΣ"></Teacher><Subject name="ΘΡΗΣΚΕΥΤΙΚΑ"></Subject>
    </Hour>
    <Hour name="11:00">
      <Teacher name="ΚΟΡΔΑ ΑΝΤΑ"></Teacher><Subject name="ΜΟΥΣΙΚΗ"></Subject>
    </Hour>
    <Hour name="12:00">
      <Teacher name="ΠΑΠΑΔΟΠΟΥΛΟΥ ΠΟΠΗ"></Teacher> <Teacher name="ΣΠΑΝΟΥ ΣΟΦΙΑ"></Teacher><Subject name="ΜΑΘΗΜΑΤΙΚΑ"></Subject><Activity_Tag name="ΜΑΘ"></Activity_Tag>
    </Hour>
    <Hour name="13:00">
      <Teacher name="ΒΑΡΘΗΣ ΕΥΑΓΓΕΛΟΣ"></Teacher><Subject name="ΒΙΟΛΟΓΙΑ"></Subject><Room name="ΕΡΓ-ΦΥΣ"></Room>
    </Hour>
    <Hour name="14:00">
     
    </Hour>
   </Day>
   <Day name="Tuesday">
    <Hour name="08:00">
      <Teacher name="ΤΣΑΟΥΣΙΔΗΣ ΝΙΚΗΤΑΣ"></Teacher><Subject name="ΟΙΚ.ΟΙΚΟΝΟΜΙΑ"></Subject>
    </Hour>
    <Hour name="09:00">
      <Teacher name="ΠΑΠΑΔΟΠΟΥΛΟΥ ΠΟΠΗ"></Teacher> <Teacher name="ΣΠΑΝΟΥ ΣΟΦΙΑ"></Teacher><Subject name="ΜΑΘΗΜΑΤΙΚΑ"></Subject><Activity_Tag name="ΜΑΘ"></Activity_Tag>
    </Hour>
    <Hour name="10:00">
      <Teacher name="ΦΑΙΤΑ ΜΑΡΙΑ"></Teacher> <Teacher name="ΠΑΠΑΔΑΤΟΥ ΛΥΔΙΑ"></Teacher><Subject name="ΑΓΓΛΙΚΑ-ΠΡΟΧ"></Subject>
    </Hour>
    <Hour name="11:00">
      <Teacher name="ΑΓΓΕΛΟΠΟΥΛΟΣ ΝΙΚΟΣ"></Teacher><Subject name="ΘΡΗΣΚΕΥΤΙΚΑ"></Subject>
    </Hour>
    <Hour name="12:00">
      <Teacher name="ΤΑΡΑΣΙΔΟΥ ΣΟΦΙΑ"></Teacher> <Teacher name="ΓΕΩΡΓΟΠΟΥΛΟΣ ΚΩΣΤΑΣ"></Teacher><Subject name="ΑΡΧΑΙΑ-ΠΡΩΤΟΤΥΠΟ"></Subject>
    </Hour>
    <Hour name="13:00">
      <Teacher name="ΒΑΡΘΗΣ ΕΥΑΓΓΕΛΟΣ"></Teacher><Subject name="ΦΥΣΙΚΗ"></Subject><Room name="ΕΡΓ-ΦΥΣ"></Room>
    </Hour>
    <Hour name="14:00">
      <Teacher name="ΤΑΡΑΣΙΔΟΥ ΣΟΦΙΑ"></Teacher> <Teacher name="ΓΕΩΡΓΟΠΟΥΛΟΣ ΚΩΣΤΑΣ"></Teacher><Subject name="ΑΡΧΑΙΑ-ΜΕΤΑΦΡΑΣΗ"></Subject>
    </Hour>
   </Day>
   <Day name="Wednesday">
    <Hour name="08:00">
      <Teacher name="ΤΑΡΑΣΙΔΟΥ ΣΟΦΙΑ"></Teacher> <Teacher name="ΓΕΩΡΓΟΠΟΥΛΟΣ ΚΩΣΤΑΣ"></Teacher><Subject name="ΑΡΧΑΙΑ-ΠΡΩΤΟΤΥΠΟ"></Subject>
    </Hour>
    <Hour name="09:00">
      <Teacher name="ΤΑΡΑΣΙΔΟΥ ΣΟΦΙΑ"></Teacher> <Teacher name="ΓΕΩΡΓΟΠΟΥΛΟΣ ΚΩΣΤΑΣ"></Teacher><Subject name="ΑΡΧΑΙΑ-ΜΕΤΑΦΡΑΣΗ"></Subject>
    </Hour>
    <Hour name="10:00">
      <Teacher name="ΤΑΡΑΣΙΔΟΥ ΣΟΦΙΑ"></Teacher> <Teacher name="ΓΕΩΡΓΟΠΟΥΛΟΣ ΚΩΣΤΑΣ"></Teacher><Subject name="ΝΕΑ-ΓΛΩΣΣΑ"></Subject>
    </Hour>
    <Hour name="11:00">
      <Teacher name="ΒΑΣΙΛΑΚΗ ΕΥΡΥΔΙΚΗ"></Teacher> <Teacher name="ΒΑΓΙΑ ΞΕΝΙΑ"></Teacher><Subject name="ΓΕΡΜΑΝΙΚΑ"></Subject>
    </Hour>
    <Hour name="12:00">
      <Teacher name="ΤΣΑΟΥΣΙΔΗΣ ΝΙΚΗΤΑΣ"></Teacher><Subject name="ΟΙΚ.ΟΙΚΟΝΟΜΙΑ"></Subject>
    </Hour>
    <Hour name="13:00">
      <Teacher name="ΜΗΤΣΑΝΗ ΧΡΙΣΤΙΝΑ"></Teacher><Subject name="ΚΑΛΛΙΤΕΧΝΙΚΑ"></Subject>
    </Hour>
    <Hour name="14:00">
     
    </Hour>
   </Day>
   <Day name="Thursday">
    <Hour name="08:00">
      <Teacher name="ΒΑΣΙΛΑΚΗ ΕΥΡΥΔΙΚΗ"></Teacher> <Teacher name="ΒΑΓΙΑ ΞΕΝΙΑ"></Teacher><Subject name="ΓΕΡΜΑΝΙΚΑ"></Subject>
    </Hour>
    <Hour name="09:00">
      <Teacher name="ΠΑΝΤΕΛΙΔΟΥ ΕΦΗ"></Teacher><Subject name="ΓΥΜΝΑΣΤΙΚΗ"></Subject>
    </Hour>
    <Hour name="10:00">
      <Teacher name="ΠΑΠΑΔΟΠΟΥΛΟΥ ΠΟΠΗ"></Teacher> <Teacher name="ΑΣΠΙΩΤΗ ΚΑΤΕΡΙΝΑ"></Teacher><Subject name="ΠΛΗΡΟΦ.-ΤΕΧΝΟΛ."></Subject>
    </Hour>
    <Hour name="11:00">
      <Teacher name="ΠΑΠΑΔΟΠΟΥΛΟΥ ΠΟΠΗ"></Teacher> <Teacher name="ΑΣΠΙΩΤΗ ΚΑΤΕΡΙΝΑ"></Teacher><Subject name="ΠΛΗΡΟΦ.-ΤΕΧΝΟΛ."></Subject>
    </Hour>
    <Hour name="12:00">
      <Teacher name="ΠΑΠΑΔΟΠΟΥΛΟΥ ΠΟΠΗ"></Teacher> <Teacher name="ΣΠΑΝΟΥ ΣΟΦΙΑ"></Teacher><Subject name="ΜΑΘΗΜΑΤΙΚΑ"></Subject><Activity_Tag name="ΜΑΘ"></Activity_Tag>
    </Hour>
    <Hour name="13:00">
      <Teacher name="ΓΑΡΝΕΛΛΗ ΕΥΑΓΓΕΛΙΑ"></Teacher><Subject name="ΙΣΤΟΡΙΑ"></Subject><Activity_Tag name="ΦΙΛ"></Activity_Tag>
    </Hour>
    <Hour name="14:00">
      <Teacher name="ΤΑΡΑΣΙΔΟΥ ΣΟΦΙΑ"></Teacher> <Teacher name="ΓΕΩΡΓΟΠΟΥΛΟΣ ΚΩΣΤΑΣ"></Teacher><Subject name="ΝΕΑ-ΓΛΩΣΣΑ"></Subject>
    </Hour>
   </Day>
   <Day name="Friday">
    <Hour name="08:00">
      <Teacher name="ΣΚΑΦΤΟΥΡΟΥ ΔΗΜΗΤΡΑ"></Teacher><Subject name="ΓΕΩΓΡΑΦΙΑ"></Subject>
    </Hour>
    <Hour name="09:00">
      <Teacher name="ΠΑΝΤΕΛΙΔΟΥ ΕΦΗ"></Teacher><Subject name="ΓΥΜΝΑΣΤΙΚΗ"></Subject>
    </Hour>
    <Hour name="10:00">
      <Teacher name="ΓΑΡΝΕΛΛΗ ΕΥΑΓΓΕΛΙΑ"></Teacher><Subject name="ΙΣΤΟΡΙΑ"></Subject><Activity_Tag name="ΦΙΛ"></Activity_Tag>
    </Hour>
    <Hour name="11:00">
      <Teacher name="ΠΑΠΑΔΟΠΟΥΛΟΥ ΠΟΠΗ"></Teacher> <Teacher name="ΣΠΑΝΟΥ ΣΟΦΙΑ"></Teacher><Subject name="ΜΑΘΗΜΑΤΙΚΑ"></Subject><Activity_Tag name="ΜΑΘ"></Activity_Tag>
    </Hour>
    <Hour name="12:00">
      <Teacher name="ΜΟΝΑΣΤΗΡΙΩΤΗ ΑΣΗΜΙΝΑ"></Teacher><Subject name="ΝΕΑ-ΚΕΙΜΕΝΑ"></Subject>
    </Hour>
    <Hour name="13:00">
      <Teacher name="ΤΑΡΑΣΙΔΟΥ ΣΟΦΙΑ"></Teacher> <Teacher name="ΓΕΩΡΓΟΠΟΥΛΟΣ ΚΩΣΤΑΣ"></Teacher><Subject name="ΝΕΑ-ΓΛΩΣΣΑ"></Subject>
    </Hour>
    <Hour name="14:00">
     
    </Hour>
   </Day>
  </Subgroup>
  <Subgroup name="Α3* Automatic Subgroup">
   <Day name="Monday">
    <Hour name="08:00">
      <Teacher name="ΦΑΙΤΑ ΜΑΡΙΑ"></Teacher> <Teacher name="ΠΑΠΑΔΑΤΟΥ ΛΥΔΙΑ"></Teacher><Subject name="ΑΓΓΛΙΚΑ-ΠΡΟΧ"></Subject>
    </Hour>
    <Hour name="09:00">
      <Teacher name="ΓΕΩΡΓΟΠΟΥΛΟΣ ΚΩΣΤΑΣ"></Teacher> <Teacher name="ΤΑΡΑΣΙΔΟΥ ΣΟΦΙΑ"></Teacher><Subject name="ΑΡΧΑΙΑ-ΠΡΩΤΟΤΥΠΟ"></Subject><Activity_Tag name="ΦΙΛ"></Activity_Tag>
    </Hour>
    <Hour name="10:00">
      <Teacher name="ΓΕΩΡΓΟΠΟΥΛΟΣ ΚΩΣΤΑΣ"></Teacher> <Teacher name="ΤΑΡΑΣΙΔΟΥ ΣΟΦΙΑ"></Teacher><Subject name="ΑΡΧΑΙΑ-ΠΡΩΤΟΤΥΠΟ"></Subject><Activity_Tag name="ΦΙΛ"></Activity_Tag>
    </Hour>
    <Hour name="11:00">
      <Teacher name="ΑΓΓΕΛΟΠΟΥΛΟΣ ΝΙΚΟΣ"></Teacher><Subject name="ΘΡΗΣΚΕΥΤΙΚΑ"></Subject>
    </Hour>
    <Hour name="12:00">
      <Teacher name="ΓΕΩΡΓΟΠΟΥΛΟΣ ΚΩΣΤΑΣ"></Teacher> <Teacher name="ΤΑΡΑΣΙΔΟΥ ΣΟΦΙΑ"></Teacher><Subject name="ΑΡΧΑΙΑ-ΜΕΤΑΦΡΑΣΗ"></Subject><Activity_Tag name="ΦΙΛ"></Activity_Tag>
    </Hour>
    <Hour name="13:00">
      <Teacher name="ΓΕΩΡΓΟΠΟΥΛΟΣ ΚΩΣΤΑΣ"></Teacher> <Teacher name="ΤΑΡΑΣΙΔΟΥ ΣΟΦΙΑ"></Teacher><Subject name="ΑΡΧΑΙΑ-ΜΕΤΑΦΡΑΣΗ"></Subject><Activity_Tag name="ΦΙΛ"></Activity_Tag>
    </Hour>
    <Hour name="14:00">
     
    </Hour>
   </Day>
   <Day name="Tuesday">
    <Hour name="08:00">
      <Teacher name="ΑΓΓΕΛΟΠΟΥΛΟΣ ΝΙΚΟΣ"></Teacher><Subject name="ΘΡΗΣΚΕΥΤΙΚΑ"></Subject>
    </Hour>
    <Hour name="09:00">
      <Teacher name="ΤΣΑΟΥΣΙΔΗΣ ΝΙΚΗΤΑΣ"></Teacher><Subject name="ΟΙΚ.ΟΙΚΟΝΟΜΙΑ"></Subject>
    </Hour>
    <Hour name="10:00">
      <Teacher name="ΦΑΙΤΑ ΜΑΡΙΑ"></Teacher> <Teacher name="ΠΑΠΑΔΑΤΟΥ ΛΥΔΙΑ"></Teacher><Subject name="ΑΓΓΛΙΚΑ-ΠΡΟΧ"></Subject>
    </Hour>
    <Hour name="11:00">
      <Teacher name="ΑΝΑΠΛ-ΤΕΧΝΟΛΟΓΙΑ"></Teacher> <Teacher name="ΠΑΠΑΔΟΠΟΥΛΟΥ ΠΟΠΗ"></Teacher><Subject name="ΠΛΗΡΟΦ.-ΤΕΧΝΟΛ."></Subject>
    </Hour>
    <Hour name="12:00">
      <Teacher name="ΑΝΑΠΛ-ΤΕΧΝΟΛΟΓΙΑ"></Teacher> <Teacher name="ΠΑΠΑΔΟΠΟΥΛΟΥ ΠΟΠΗ"></Teacher><Subject name="ΠΛΗΡΟΦ.-ΤΕΧΝΟΛ."></Subject>
    </Hour>
    <Hour name="13:00">
      <Teacher name="ΚΟΡΔΑ ΑΝΤΑ"></Teacher><Subject name="ΜΟΥΣΙΚΗ"></Subject>
    </Hour>
    <Hour name="14:00">
      <Teacher name="ΠΑΠΑΔΟΠΟΥΛΟΥ ΠΟΠΗ"></Teacher> <Teacher name="ΣΠΑΝΟΥ ΣΟΦΙΑ"></Teacher><Subject name="ΜΑΘΗΜΑΤΙΚΑ"></Subject><Activity_Tag name="ΜΑΘ"></Activity_Tag>
    </Hour>
   </Day>
   <Day name="Wednesday">
    <Hour name="08:00">
      <Teacher name="ΒΑΡΘΗΣ ΕΥΑΓΓΕΛΟΣ"></Teacher><Subject name="ΦΥΣΙΚΗ"></Subject><Room name="ΕΡΓ-ΦΥΣ"></Room>
    </Hour>
    <Hour name="09:00">
      <Teacher name="ΓΑΡΝΕΛΛΗ ΕΥΑΓΓΕΛΙΑ"></Teacher><Subject name="ΙΣΤΟΡΙΑ"></Subject><Activity_Tag name="ΦΙΛ"></Activity_Tag>
    </Hour>
    <Hour name="10:00">
      <Teacher name="ΠΑΠΑΔΟΠΟΥΛΟΥ ΠΟΠΗ"></Teacher> <Teacher name="ΣΠΑΝΟΥ ΣΟΦΙΑ"></Teacher><Subject name="ΜΑΘΗΜΑΤΙΚΑ"></Subject><Activity_Tag name="ΜΑΘ"></Activity_Tag>
    </Hour>
    <Hour name="11:00">
      <Teacher name="ΒΑΡΘΗΣ ΕΥΑΓΓΕΛΟΣ"></Teacher><Subject name="ΒΙΟΛΟΓΙΑ"></Subject><Room name="ΕΡΓ-ΦΥΣ"></Room>
    </Hour>
    <Hour name="12:00">
      <Teacher name="ΒΑΣΙΛΑΚΗ ΕΥΡΥΔΙΚΗ"></Teacher> <Teacher name="ΒΑΓΙΑ ΞΕΝΙΑ"></Teacher><Subject name="ΓΕΡΜΑΝΙΚΑ"></Subject>
    </Hour>
    <Hour name="13:00">
      <Teacher name="ΣΚΑΦΤΟΥΡΟΥ ΔΗΜΗΤΡΑ"></Teacher><Subject name="ΓΕΩΓΡΑΦΙΑ"></Subject>
    </Hour>
    <Hour name="14:00">
     
    </Hour>
   </Day>
   <Day name="Thursday">
    <Hour name="08:00">
      <Teacher name="ΤΣΑΟΥΣΙΔΗΣ ΝΙΚΗΤΑΣ"></Teacher><Subject name="ΟΙΚ.ΟΙΚΟΝΟΜΙΑ"></Subject>
    </Hour>
    <Hour name="09:00">
      <Teacher name="ΒΑΣΙΛΑΚΗ ΕΥΡΥΔΙΚΗ"></Teacher> <Teacher name="ΒΑΓΙΑ ΞΕΝΙΑ"></Teacher><Subject name="ΓΕΡΜΑΝΙΚΑ"></Subject>
    </Hour>
    <Hour name="10:00">
      <Teacher name="ΓΑΡΝΕΛΛΗ ΕΥΑΓΓΕΛΙΑ"></Teacher><Subject name="ΙΣΤΟΡΙΑ"></Subject><Activity_Tag name="ΦΙΛ"></Activity_Tag>
    </Hour>
    <Hour name="11:00">
      <Teacher name="ΠΑΝΤΕΛΙΔΟΥ ΕΦΗ"></Teacher><Subject name="ΓΥΜΝΑΣΤΙΚΗ"></Subject>
    </Hour>
    <Hour name="12:00">
      <Teacher name="ΓΕΩΡΓΟΠΟΥΛΟΣ ΚΩΣΤΑΣ"></Teacher> <Teacher name="ΤΑΡΑΣΙΔΟΥ ΣΟΦΙΑ"></Teacher><Subject name="ΝΕΑ-ΚΕΙΜΕΝΑ"></Subject><Activity_Tag name="ΦΙΛ"></Activity_Tag>
    </Hour>
    <Hour name="13:00">
      <Teacher name="ΓΕΩΡΓΟΠΟΥΛΟΣ ΚΩΣΤΑΣ"></Teacher> <Teacher name="ΤΑΡΑΣΙΔΟΥ ΣΟΦΙΑ"></Teacher><Subject name="ΝΕΑ-ΚΕΙΜΕΝΑ"></Subject><Activity_Tag name="ΦΙΛ"></Activity_Tag>
    </Hour>
    <Hour name="14:00">
      <Teacher name="ΠΑΠΑΔΟΠΟΥΛΟΥ ΠΟΠΗ"></Teacher> <Teacher name="ΣΠΑΝΟΥ ΣΟΦΙΑ"></Teacher><Subject name="ΜΑΘΗΜΑΤΙΚΑ"></Subject><Activity_Tag name="ΜΑΘ"></Activity_Tag>
    </Hour>
   </Day>
   <Day name="Friday">
    <Hour name="08:00">
      <Teacher name="ΠΑΠΑΔΟΠΟΥΛΟΥ ΠΟΠΗ"></Teacher> <Teacher name="ΣΠΑΝΟΥ ΣΟΦΙΑ"></Teacher><Subject name="ΜΑΘΗΜΑΤΙΚΑ"></Subject><Activity_Tag name="ΜΑΘ"></Activity_Tag>
    </Hour>
    <Hour name="09:00">
      <Teacher name="ΜΗΤΣΑΝΗ ΧΡΙΣΤΙΝΑ"></Teacher><Subject name="ΚΑΛΛΙΤΕΧΝΙΚΑ"></Subject>
    </Hour>
    <Hour name="10:00">
      <Teacher name="ΓΕΩΡΓΟΠΟΥΛΟΣ ΚΩΣΤΑΣ"></Teacher> <Teacher name="ΚΑΡΔΑΚΑΡΗ ΟΛΙΒΙΑ"></Teacher><Subject name="ΝΕΑ-ΓΛΩΣΣΑ"></Subject><Activity_Tag name="ΦΙΛ"></Activity_Tag>
    </Hour>
    <Hour name="11:00">
      <Teacher name="ΓΕΩΡΓΟΠΟΥΛΟΣ ΚΩΣΤΑΣ"></Teacher> <Teacher name="ΚΑΡΔΑΚΑΡΗ ΟΛΙΒΙΑ"></Teacher><Subject name="ΝΕΑ-ΓΛΩΣΣΑ"></Subject><Activity_Tag name="ΦΙΛ"></Activity_Tag>
    </Hour>
    <Hour name="12:00">
      <Teacher name="ΓΕΩΡΓΟΠΟΥΛΟΣ ΚΩΣΤΑΣ"></Teacher> <Teacher name="ΚΑΡΔΑΚΑΡΗ ΟΛΙΒΙΑ"></Teacher><Subject name="ΝΕΑ-ΓΛΩΣΣΑ"></Subject><Activity_Tag name="ΦΙΛ"></Activity_Tag>
    </Hour>
    <Hour name="13:00">
      <Teacher name="ΠΑΝΤΕΛΙΔΟΥ ΕΦΗ"></Teacher><Subject name="ΓΥΜΝΑΣΤΙΚΗ"></Subject>
    </Hour>
    <Hour name="14:00">
     
    </Hour>
   </Day>
  </Subgroup>
  <Subgroup name="Β1* Automatic Subgroup">
   <Day name="Monday">
    <Hour name="08:00">
      <Teacher name="ΒΑΣΙΛΑΚΗ ΕΥΡΥΔΙΚΗ"></Teacher><Subject name="ΙΣΤΟΡΙΑ"></Subject>
    </Hour>
    <Hour name="09:00">
      <Teacher name="ΒΑΓΙΑ ΞΕΝΙΑ"></Teacher> <Teacher name="ΒΑΣΙΛΑΚΗ ΕΥΡΥΔΙΚΗ"></Teacher><Subject name="ΓΕΡΜΑΝΙΚΑ"></Subject>
    </Hour>
    <Hour name="10:00">
      <Teacher name="ΦΑΙΤΑ ΜΑΡΙΑ"></Teacher> <Teacher name="ΠΑΠΑΔΑΤΟΥ ΛΥΔΙΑ"></Teacher><Subject name="ΑΓΓΛΙΚΑ"></Subject>
    </Hour>
    <Hour name="11:00">
      <Teacher name="ΤΣΑΟΥΣΙΔΗΣ ΝΙΚΗΤΑΣ"></Teacher><Subject name="ΓΥΜΝΑΣΤΙΚΗ"></Subject>
    </Hour>
    <Hour name="12:00">
      <Teacher name="ΠΑΝΔΗΣ ΧΡΙΣΤΟΔΟΥΛΟΣ"></Teacher><Subject name="ΘΡΗΣΚΕΥΤΙΚΑ"></Subject>
    </Hour>
    <Hour name="13:00">
      <Teacher name="ΠΕΤΡΟΠΟΥΛΟΥ ΕΛΕΝΗ"></Teacher> <Teacher name="ΣΠΑΝΟΥ ΣΟΦΙΑ"></Teacher><Subject name="ΒΙΟΛΟΓΙΑ"></Subject>
    </Hour>
    <Hour name="14:00">
     
    </Hour>
   </Day>
   <Day name="Tuesday">
    <Hour name="08:00">
      <Teacher name="ΒΑΡΘΗΣ ΕΥΑΓΓΕΛΟΣ"></Teacher><Subject name="ΧΗΜΕΙΑ"></Subject><Room name="ΕΡΓ-ΦΥΣ"></Room>
    </Hour>
    <Hour name="09:00">
      <Teacher name="ΒΑΓΙΑ ΞΕΝΙΑ"></Teacher> <Teacher name="ΒΑΣΙΛΑΚΗ ΕΥΡΥΔΙΚΗ"></Teacher><Subject name="ΓΕΡΜΑΝΙΚΑ"></Subject>
    </Hour>
    <Hour name="10:00">
      <Teacher name="ΠΑΝΟΥ ΕΥΑΓΓΕΛΙΑ"></Teacher> <Teacher name="ΚΥΡΙΑΚΗ ΑΝΝΑ"></Teacher><Subject name="ΜΑΘΗΜΑΤΙΚΑ"></Subject><Activity_Tag name="ΜΑΘ"></Activity_Tag>
    </Hour>
    <Hour name="11:00">
      <Teacher name="ΤΣΑΟΥΣΙΔΗΣ ΝΙΚΗΤΑΣ"></Teacher><Subject name="ΓΥΜΝΑΣΤΙΚΗ"></Subject>
    </Hour>
    <Hour name="12:00">
      <Teacher name="ΚΟΡΔΑ ΑΝΤΑ"></Teacher><Subject name="ΜΟΥΣΙΚΗ"></Subject>
    </Hour>
    <Hour name="13:00">
      <Teacher name="ΑΣΠΙΩΤΗ ΚΑΤΕΡΙΝΑ"></Teacher> <Teacher name="ΔΑΦΝΗΣ ΓΕΩΡΓΙΟΣ"></Teacher><Subject name="ΠΛΗΡΟΦ.-ΤΕΧΝΟΛ."></Subject>
    </Hour>
    <Hour name="14:00">
      <Teacher name="ΑΣΠΙΩΤΗ ΚΑΤΕΡΙΝΑ"></Teacher> <Teacher name="ΔΑΦΝΗΣ ΓΕΩΡΓΙΟΣ"></Teacher><Subject name="ΠΛΗΡΟΦ.-ΤΕΧΝΟΛ."></Subject>
    </Hour>
   </Day>
   <Day name="Wednesday">
    <Hour name="08:00">
      <Teacher name="ΣΚΑΦΤΟΥΡΟΥ ΔΗΜΗΤΡΑ"></Teacher><Subject name="ΓΕΩΓΡΑΦΙΑ"></Subject>
    </Hour>
    <Hour name="09:00">
      <Teacher name="ΒΑΡΘΗΣ ΕΥΑΓΓΕΛΟΣ"></Teacher> <Teacher name="ΣΠΑΝΟΥ ΣΟΦΙΑ"></Teacher><Subject name="ΦΥΣΙΚΗ"></Subject>
    </Hour>
    <Hour name="10:00">
      <Teacher name="ΠΑΝΟΥ ΕΥΑΓΓΕΛΙΑ"></Teacher> <Teacher name="ΚΥΡΙΑΚΗ ΑΝΝΑ"></Teacher><Subject name="ΜΑΘΗΜΑΤΙΚΑ"></Subject><Activity_Tag name="ΜΑΘ"></Activity_Tag>
    </Hour>
    <Hour name="11:00">
      <Teacher name="ΣΑΙΤ ΚΩΝΣΤΑΝΤΙΝΑ"></Teacher><Subject name="ΑΡΧΑΙΑ-ΜΕΤΑΦΡΑΣΗ"></Subject>
    </Hour>
    <Hour name="12:00">
      <Teacher name="ΣΑΙΤ ΚΩΝΣΤΑΝΤΙΝΑ"></Teacher> <Teacher name="ΚΑΡΔΑΚΑΡΗ ΟΛΙΒΙΑ"></Teacher><Subject name="ΑΡΧΑΙΑ-ΠΡΩΤΟΤΥΠΟ"></Subject><Activity_Tag name="ΦΙΛ"></Activity_Tag>
    </Hour>
    <Hour name="13:00">
      <Teacher name="ΣΑΙΤ ΚΩΝΣΤΑΝΤΙΝΑ"></Teacher> <Teacher name="ΚΑΡΔΑΚΑΡΗ ΟΛΙΒΙΑ"></Teacher><Subject name="ΑΡΧΑΙΑ-ΠΡΩΤΟΤΥΠΟ"></Subject><Activity_Tag name="ΦΙΛ"></Activity_Tag>
    </Hour>
    <Hour name="14:00">
     
    </Hour>
   </Day>
   <Day name="Thursday">
    <Hour name="08:00">
      <Teacher name="ΣΑΙΤ ΚΩΝΣΤΑΝΤΙΝΑ"></Teacher><Subject name="ΑΡΧΑΙΑ-ΜΕΤΑΦΡΑΣΗ"></Subject>
    </Hour>
    <Hour name="09:00">
      <Teacher name="ΜΗΤΣΑΝΗ ΧΡΙΣΤΙΝΑ"></Teacher><Subject name="ΚΑΛΛΙΤΕΧΝΙΚΑ"></Subject>
    </Hour>
    <Hour name="10:00">
      <Teacher name="ΒΑΡΘΗΣ ΕΥΑΓΓΕΛΟΣ"></Teacher> <Teacher name="ΣΠΑΝΟΥ ΣΟΦΙΑ"></Teacher><Subject name="ΦΥΣΙΚΗ"></Subject>
    </Hour>
    <Hour name="11:00">
      <Teacher name="ΦΑΙΤΑ ΜΑΡΙΑ"></Teacher> <Teacher name="ΠΑΠΑΔΑΤΟΥ ΛΥΔΙΑ"></Teacher><Subject name="ΑΓΓΛΙΚΑ"></Subject>
    </Hour>
    <Hour name="12:00">
      <Teacher name="ΣΑΙΤ ΚΩΝΣΤΑΝΤΙΝΑ"></Teacher> <Teacher name="ΚΑΡΔΑΚΑΡΗ ΟΛΙΒΙΑ"></Teacher><Subject name="ΝΕΑ-ΓΛΩΣΣΑ"></Subject><Activity_Tag name="ΦΙΛ"></Activity_Tag>
    </Hour>
    <Hour name="13:00">
      <Teacher name="ΣΑΙΤ ΚΩΝΣΤΑΝΤΙΝΑ"></Teacher> <Teacher name="ΚΑΡΔΑΚΑΡΗ ΟΛΙΒΙΑ"></Teacher><Subject name="ΝΕΑ-ΓΛΩΣΣΑ"></Subject><Activity_Tag name="ΦΙΛ"></Activity_Tag>
    </Hour>
    <Hour name="14:00">
      <Teacher name="ΠΑΝΟΥ ΕΥΑΓΓΕΛΙΑ"></Teacher> <Teacher name="ΚΥΡΙΑΚΗ ΑΝΝΑ"></Teacher><Subject name="ΜΑΘΗΜΑΤΙΚΑ"></Subject><Activity_Tag name="ΜΑΘ"></Activity_Tag>
    </Hour>
   </Day>
   <Day name="Friday">
    <Hour name="08:00">
      <Teacher name="ΠΑΝΟΥ ΕΥΑΓΓΕΛΙΑ"></Teacher> <Teacher name="ΚΥΡΙΑΚΗ ΑΝΝΑ"></Teacher><Subject name="ΜΑΘΗΜΑΤΙΚΑ"></Subject><Activity_Tag name="ΜΑΘ"></Activity_Tag>
    </Hour>
    <Hour name="09:00">
      <Teacher name="ΣΚΑΦΤΟΥΡΟΥ ΔΗΜΗΤΡΑ"></Teacher><Subject name="ΓΕΩΓΡΑΦΙΑ"></Subject>
    </Hour>
    <Hour name="10:00">
      <Teacher name="ΒΑΣΙΛΑΚΗ ΕΥΡΥΔΙΚΗ"></Teacher><Subject name="ΙΣΤΟΡΙΑ"></Subject>
    </Hour>
    <Hour name="11:00">
      <Teacher name="ΣΑΙΤ ΚΩΝΣΤΑΝΤΙΝΑ"></Teacher> <Teacher name="ΤΑΡΑΣΙΔΟΥ ΣΟΦΙΑ"></Teacher><Subject name="ΝΕΑ-ΚΕΙΜΕΝΑ"></Subject><Activity_Tag name="ΦΙΛ"></Activity_Tag>
    </Hour>
    <Hour name="12:00">
      <Teacher name="ΣΑΙΤ ΚΩΝΣΤΑΝΤΙΝΑ"></Teacher> <Teacher name="ΤΑΡΑΣΙΔΟΥ ΣΟΦΙΑ"></Teacher><Subject name="ΝΕΑ-ΚΕΙΜΕΝΑ"></Subject><Activity_Tag name="ΦΙΛ"></Activity_Tag>
    </Hour>
    <Hour name="13:00">
      <Teacher name="ΠΑΝΔΗΣ ΧΡΙΣΤΟΔΟΥΛΟΣ"></Teacher><Subject name="ΘΡΗΣΚΕΥΤΙΚΑ"></Subject>
    </Hour>
    <Hour name="14:00">
     
    </Hour>
   </Day>
  </Subgroup>
  <Subgroup name="Β2* Automatic Subgroup">
   <Day name="Monday">
    <Hour name="08:00">
      <Teacher name="ΒΑΡΘΗΣ ΕΥΑΓΓΕΛΟΣ"></Teacher><Subject name="ΧΗΜΕΙΑ"></Subject><Room name="ΕΡΓ-ΦΥΣ"></Room>
    </Hour>
    <Hour name="09:00">
      <Teacher name="ΠΑΝΔΗΣ ΧΡΙΣΤΟΔΟΥΛΟΣ"></Teacher><Subject name="ΘΡΗΣΚΕΥΤΙΚΑ"></Subject>
    </Hour>
    <Hour name="10:00">
      <Teacher name="ΦΑΙΤΑ ΜΑΡΙΑ"></Teacher> <Teacher name="ΠΑΠΑΔΑΤΟΥ ΛΥΔΙΑ"></Teacher><Subject name="ΑΓΓΛΙΚΑ"></Subject>
    </Hour>
    <Hour name="11:00">
      <Teacher name="ΣΑΙΤ ΚΩΝΣΤΑΝΤΙΝΑ"></Teacher><Subject name="ΑΡΧΑΙΑ-ΠΡΩΤΟΤΥΠΟ"></Subject><Activity_Tag name="ΦΙΛ"></Activity_Tag>
    </Hour>
    <Hour name="12:00">
      <Teacher name="ΣΑΙΤ ΚΩΝΣΤΑΝΤΙΝΑ"></Teacher><Subject name="ΑΡΧΑΙΑ-ΠΡΩΤΟΤΥΠΟ"></Subject><Activity_Tag name="ΦΙΛ"></Activity_Tag>
    </Hour>
    <Hour name="13:00">
      <Teacher name="ΠΑΝΟΥ ΕΥΑΓΓΕΛΙΑ"></Teacher><Subject name="ΜΑΘΗΜΑΤΙΚΑ"></Subject><Activity_Tag name="ΜΑΘ"></Activity_Tag>
    </Hour>
    <Hour name="14:00">
     
    </Hour>
   </Day>
   <Day name="Tuesday">
    <Hour name="08:00">
      <Teacher name="ΠΑΝΤΕΛΙΔΟΥ ΕΦΗ"></Teacher><Subject name="ΓΥΜΝΑΣΤΙΚΗ"></Subject>
    </Hour>
    <Hour name="09:00">
      <Teacher name="ΣΑΙΤ ΚΩΝΣΤΑΝΤΙΝΑ"></Teacher> <Teacher name="ΚΑΡΔΑΚΑΡΗ ΟΛΙΒΙΑ"></Teacher><Subject name="ΝΕΑ-ΓΛΩΣΣΑ"></Subject><Activity_Tag name="ΦΙΛ"></Activity_Tag>
    </Hour>
    <Hour name="10:00">
      <Teacher name="ΣΑΙΤ ΚΩΝΣΤΑΝΤΙΝΑ"></Teacher> <Teacher name="ΚΑΡΔΑΚΑΡΗ ΟΛΙΒΙΑ"></Teacher><Subject name="ΝΕΑ-ΓΛΩΣΣΑ"></Subject><Activity_Tag name="ΦΙΛ"></Activity_Tag>
    </Hour>
    <Hour name="11:00">
      <Teacher name="ΣΑΙΤ ΚΩΝΣΤΑΝΤΙΝΑ"></Teacher> <Teacher name="ΚΑΡΔΑΚΑΡΗ ΟΛΙΒΙΑ"></Teacher><Subject name="ΝΕΑ-ΚΕΙΜΕΝΑ"></Subject><Activity_Tag name="ΦΙΛ"></Activity_Tag>
    </Hour>
    <Hour name="12:00">
      <Teacher name="ΣΑΙΤ ΚΩΝΣΤΑΝΤΙΝΑ"></Teacher> <Teacher name="ΚΑΡΔΑΚΑΡΗ ΟΛΙΒΙΑ"></Teacher><Subject name="ΝΕΑ-ΚΕΙΜΕΝΑ"></Subject><Activity_Tag name="ΦΙΛ"></Activity_Tag>
    </Hour>
    <Hour name="13:00">
      <Teacher name="ΠΑΝΔΗΣ ΧΡΙΣΤΟΔΟΥΛΟΣ"></Teacher><Subject name="ΘΡΗΣΚΕΥΤΙΚΑ"></Subject>
    </Hour>
    <Hour name="14:00">
      <Teacher name="ΠΑΝΟΥ ΕΥΑΓΓΕΛΙΑ"></Teacher><Subject name="ΜΑΘΗΜΑΤΙΚΑ"></Subject><Activity_Tag name="ΜΑΘ"></Activity_Tag>
    </Hour>
   </Day>
   <Day name="Wednesday">
    <Hour name="08:00">
      <Teacher name="ΜΗΤΣΑΝΗ ΧΡΙΣΤΙΝΑ"></Teacher><Subject name="ΚΑΛΛΙΤΕΧΝΙΚΑ"></Subject>
    </Hour>
    <Hour name="09:00">
      <Teacher name="ΠΑΝΟΥ ΕΥΑΓΓΕΛΙΑ"></Teacher><Subject name="ΜΑΘΗΜΑΤΙΚΑ"></Subject><Activity_Tag name="ΜΑΘ"></Activity_Tag>
    </Hour>
    <Hour name="10:00">
      <Teacher name="ΣΚΑΦΤΟΥΡΟΥ ΔΗΜΗΤΡΑ"></Teacher><Subject name="ΓΕΩΓΡΑΦΙΑ"></Subject>
    </Hour>
    <Hour name="11:00">
      <Teacher name="ΣΚΑΦΤΟΥΡΟΥ ΔΗΜΗΤΡΑ"></Teacher> <Teacher name="ΣΠΑΝΟΥ ΣΟΦΙΑ"></Teacher><Subject name="ΦΥΣΙΚΗ"></Subject>
    </Hour>
    <Hour name="12:00">
      <Teacher name="ΑΣΠΙΩΤΗ ΚΑΤΕΡΙΝΑ"></Teacher> <Teacher name="ΔΑΦΝΗΣ ΓΕΩΡΓΙΟΣ"></Teacher><Subject name="ΠΛΗΡΟΦ.-ΤΕΧΝΟΛ."></Subject>
    </Hour>
    <Hour name="13:00">
      <Teacher name="ΑΣΠΙΩΤΗ ΚΑΤΕΡΙΝΑ"></Teacher> <Teacher name="ΔΑΦΝΗΣ ΓΕΩΡΓΙΟΣ"></Teacher><Subject name="ΠΛΗΡΟΦ.-ΤΕΧΝΟΛ."></Subject>
    </Hour>
    <Hour name="14:00">
     
    </Hour>
   </Day>
   <Day name="Thursday">
    <Hour name="08:00">
      <Teacher name="ΒΑΡΘΗΣ ΕΥΑΓΓΕΛΟΣ"></Teacher> <Teacher name="ΣΠΑΝΟΥ ΣΟΦΙΑ"></Teacher><Subject name="ΒΙΟΛΟΓΙΑ"></Subject>
    </Hour>
    <Hour name="09:00">
      <Teacher name="ΧΥΣΣΑ ΒΑΣΙΛΙΚΗ"></Teacher><Subject name="ΙΣΤΟΡΙΑ"></Subject>
    </Hour>
    <Hour name="10:00">
      <Teacher name="ΠΑΝΤΕΛΙΔΟΥ ΕΦΗ"></Teacher><Subject name="ΓΥΜΝΑΣΤΙΚΗ"></Subject>
    </Hour>
    <Hour name="11:00">
      <Teacher name="ΦΑΙΤΑ ΜΑΡΙΑ"></Teacher> <Teacher name="ΠΑΠΑΔΑΤΟΥ ΛΥΔΙΑ"></Teacher><Subject name="ΑΓΓΛΙΚΑ"></Subject>
    </Hour>
    <Hour name="12:00">
      <Teacher name="ΒΑΓΙΑ ΞΕΝΙΑ"></Teacher> <Teacher name="ΒΑΣΙΛΑΚΗ ΕΥΡΥΔΙΚΗ"></Teacher><Subject name="ΓΕΡΜΑΝΙΚΑ"></Subject>
    </Hour>
    <Hour name="13:00">
      <Teacher name="ΣΚΑΦΤΟΥΡΟΥ ΔΗΜΗΤΡΑ"></Teacher> <Teacher name="ΣΠΑΝΟΥ ΣΟΦΙΑ"></Teacher><Subject name="ΦΥΣΙΚΗ"></Subject>
    </Hour>
    <Hour name="14:00">
      <Teacher name="ΣΚΑΦΤΟΥΡΟΥ ΔΗΜΗΤΡΑ"></Teacher><Subject name="ΓΕΩΓΡΑΦΙΑ"></Subject>
    </Hour>
   </Day>
   <Day name="Friday">
    <Hour name="08:00">
      <Teacher name="ΣΑΙΤ ΚΩΝΣΤΑΝΤΙΝΑ"></Teacher><Subject name="ΑΡΧΑΙΑ-ΜΕΤΑΦΡΑΣΗ"></Subject><Activity_Tag name="ΦΙΛ"></Activity_Tag>
    </Hour>
    <Hour name="09:00">
      <Teacher name="ΣΑΙΤ ΚΩΝΣΤΑΝΤΙΝΑ"></Teacher><Subject name="ΑΡΧΑΙΑ-ΜΕΤΑΦΡΑΣΗ"></Subject><Activity_Tag name="ΦΙΛ"></Activity_Tag>
    </Hour>
    <Hour name="10:00">
      <Teacher name="ΧΥΣΣΑ ΒΑΣΙΛΙΚΗ"></Teacher><Subject name="ΙΣΤΟΡΙΑ"></Subject>
    </Hour>
    <Hour name="11:00">
      <Teacher name="ΠΑΝΟΥ ΕΥΑΓΓΕΛΙΑ"></Teacher><Subject name="ΜΑΘΗΜΑΤΙΚΑ"></Subject><Activity_Tag name="ΜΑΘ"></Activity_Tag>
    </Hour>
    <Hour name="12:00">
      <Teacher name="ΚΟΡΔΑ ΑΝΤΑ"></Teacher><Subject name="ΜΟΥΣΙΚΗ"></Subject>
    </Hour>
    <Hour name="13:00">
      <Teacher name="ΒΑΓΙΑ ΞΕΝΙΑ"></Teacher> <Teacher name="ΒΑΣΙΛΑΚΗ ΕΥΡΥΔΙΚΗ"></Teacher><Subject name="ΓΕΡΜΑΝΙΚΑ"></Subject>
    </Hour>
    <Hour name="14:00">
     
    </Hour>
   </Day>
  </Subgroup>
  <Subgroup name="Β3* Automatic Subgroup">
   <Day name="Monday">
    <Hour name="08:00">
      <Teacher name="ΠΑΝΟΥ ΕΥΑΓΓΕΛΙΑ"></Teacher> <Teacher name="ΚΥΡΙΑΚΗ ΑΝΝΑ"></Teacher><Subject name="ΜΑΘΗΜΑΤΙΚΑ"></Subject><Activity_Tag name="ΜΑΘ"></Activity_Tag>
    </Hour>
    <Hour name="09:00">
      <Teacher name="ΠΑΠΠΑ ΧΡΥΣΑ"></Teacher> <Teacher name="ΚΑΡΔΑΚΑΡΗ ΟΛΙΒΙΑ"></Teacher><Subject name="ΝΕΑ-ΓΛΩΣΣΑ"></Subject><Activity_Tag name="ΦΙΛ"></Activity_Tag>
    </Hour>
    <Hour name="10:00">
      <Teacher name="ΠΑΠΠΑ ΧΡΥΣΑ"></Teacher> <Teacher name="ΚΑΡΔΑΚΑΡΗ ΟΛΙΒΙΑ"></Teacher><Subject name="ΝΕΑ-ΓΛΩΣΣΑ"></Subject><Activity_Tag name="ΦΙΛ"></Activity_Tag>
    </Hour>
    <Hour name="11:00">
      <Teacher name="ΑΣΠΙΩΤΗ ΚΑΤΕΡΙΝΑ"></Teacher> <Teacher name="ΔΑΦΝΗΣ ΓΕΩΡΓΙΟΣ"></Teacher><Subject name="ΠΛΗΡΟΦ.-ΤΕΧΝΟΛ."></Subject>
    </Hour>
    <Hour name="12:00">
      <Teacher name="ΑΣΠΙΩΤΗ ΚΑΤΕΡΙΝΑ"></Teacher> <Teacher name="ΔΑΦΝΗΣ ΓΕΩΡΓΙΟΣ"></Teacher><Subject name="ΠΛΗΡΟΦ.-ΤΕΧΝΟΛ."></Subject>
    </Hour>
    <Hour name="13:00">
      <Teacher name="ΠΑΝΔΗΣ ΧΡΙΣΤΟΔΟΥΛΟΣ"></Teacher><Subject name="ΘΡΗΣΚΕΥΤΙΚΑ"></Subject>
    </Hour>
    <Hour name="14:00">
     
    </Hour>
   </Day>
   <Day name="Tuesday">
    <Hour name="08:00">
      <Teacher name="ΠΑΠΠΑ ΧΡΥΣΑ"></Teacher><Subject name="ΑΡΧΑΙΑ-ΠΡΩΤΟΤΥΠΟ"></Subject><Activity_Tag name="ΦΙΛ"></Activity_Tag>
    </Hour>
    <Hour name="09:00">
      <Teacher name="ΠΑΠΠΑ ΧΡΥΣΑ"></Teacher><Subject name="ΑΡΧΑΙΑ-ΠΡΩΤΟΤΥΠΟ"></Subject><Activity_Tag name="ΦΙΛ"></Activity_Tag>
    </Hour>
    <Hour name="10:00">
      <Teacher name="ΠΑΝΤΕΛΙΔΟΥ ΕΦΗ"></Teacher><Subject name="ΓΥΜΝΑΣΤΙΚΗ"></Subject>
    </Hour>
    <Hour name="11:00">
      <Teacher name="ΒΑΡΘΗΣ ΕΥΑΓΓΕΛΟΣ"></Teacher> <Teacher name="ΣΠΑΝΟΥ ΣΟΦΙΑ"></Teacher><Subject name="ΦΥΣΙΚΗ"></Subject>
    </Hour>
    <Hour name="12:00">
      <Teacher name="ΦΑΙΤΑ ΜΑΡΙΑ"></Teacher> <Teacher name="ΠΑΠΑΔΑΤΟΥ ΛΥΔΙΑ"></Teacher><Subject name="ΑΓΓΛΙΚΑ"></Subject>
    </Hour>
    <Hour name="13:00">
      <Teacher name="ΠΑΝΟΥ ΕΥΑΓΓΕΛΙΑ"></Teacher> <Teacher name="ΚΥΡΙΑΚΗ ΑΝΝΑ"></Teacher><Subject name="ΜΑΘΗΜΑΤΙΚΑ"></Subject><Activity_Tag name="ΜΑΘ"></Activity_Tag>
    </Hour>
    <Hour name="14:00">
      <Teacher name="ΧΥΣΣΑ ΒΑΣΙΛΙΚΗ"></Teacher><Subject name="ΙΣΤΟΡΙΑ"></Subject>
    </Hour>
   </Day>
   <Day name="Wednesday">
    <Hour name="08:00">
      <Teacher name="ΠΑΝΟΥ ΕΥΑΓΓΕΛΙΑ"></Teacher> <Teacher name="ΚΥΡΙΑΚΗ ΑΝΝΑ"></Teacher><Subject name="ΜΑΘΗΜΑΤΙΚΑ"></Subject><Activity_Tag name="ΜΑΘ"></Activity_Tag>
    </Hour>
    <Hour name="09:00">
      <Teacher name="ΠΑΝΔΗΣ ΧΡΙΣΤΟΔΟΥΛΟΣ"></Teacher><Subject name="ΘΡΗΣΚΕΥΤΙΚΑ"></Subject>
    </Hour>
    <Hour name="10:00">
      <Teacher name="ΠΑΠΠΑ ΧΡΥΣΑ"></Teacher> <Teacher name="ΚΑΡΔΑΚΑΡΗ ΟΛΙΒΙΑ"></Teacher><Subject name="ΝΕΑ-ΚΕΙΜΕΝΑ"></Subject><Activity_Tag name="ΦΙΛ"></Activity_Tag>
    </Hour>
    <Hour name="11:00">
      <Teacher name="ΠΑΠΠΑ ΧΡΥΣΑ"></Teacher> <Teacher name="ΚΑΡΔΑΚΑΡΗ ΟΛΙΒΙΑ"></Teacher><Subject name="ΝΕΑ-ΚΕΙΜΕΝΑ"></Subject><Activity_Tag name="ΦΙΛ"></Activity_Tag>
    </Hour>
    <Hour name="12:00">
      <Teacher name="ΣΚΑΦΤΟΥΡΟΥ ΔΗΜΗΤΡΑ"></Teacher><Subject name="ΓΕΩΓΡΑΦΙΑ"></Subject>
    </Hour>
    <Hour name="13:00">
      <Teacher name="ΒΑΡΘΗΣ ΕΥΑΓΓΕΛΟΣ"></Teacher><Subject name="ΧΗΜΕΙΑ"></Subject><Room name="ΕΡΓ-ΦΥΣ"></Room>
    </Hour>
    <Hour name="14:00">
     
    </Hour>
   </Day>
   <Day name="Thursday">
    <Hour name="08:00">
      <Teacher name="ΦΑΙΤΑ ΜΑΡΙΑ"></Teacher> <Teacher name="ΠΑΠΑΔΑΤΟΥ ΛΥΔΙΑ"></Teacher><Subject name="ΑΓΓΛΙΚΑ"></Subject>
    </Hour>
    <Hour name="09:00">
      <Teacher name="ΒΑΡΘΗΣ ΕΥΑΓΓΕΛΟΣ"></Teacher> <Teacher name="ΣΠΑΝΟΥ ΣΟΦΙΑ"></Teacher><Subject name="ΦΥΣΙΚΗ"></Subject>
    </Hour>
    <Hour name="10:00">
      <Teacher name="ΣΚΑΦΤΟΥΡΟΥ ΔΗΜΗΤΡΑ"></Teacher><Subject name="ΓΕΩΓΡΑΦΙΑ"></Subject>
    </Hour>
    <Hour name="11:00">
      <Teacher name="ΠΑΝΟΥ ΕΥΑΓΓΕΛΙΑ"></Teacher> <Teacher name="ΚΥΡΙΑΚΗ ΑΝΝΑ"></Teacher><Subject name="ΜΑΘΗΜΑΤΙΚΑ"></Subject><Activity_Tag name="ΜΑΘ"></Activity_Tag>
    </Hour>
    <Hour name="12:00">
      <Teacher name="ΒΑΓΙΑ ΞΕΝΙΑ"></Teacher> <Teacher name="ΒΑΣΙΛΑΚΗ ΕΥΡΥΔΙΚΗ"></Teacher><Subject name="ΓΕΡΜΑΝΙΚΑ"></Subject>
    </Hour>
    <Hour name="13:00">
      <Teacher name="ΠΑΠΠΑ ΧΡΥΣΑ"></Teacher><Subject name="ΑΡΧΑΙΑ-ΜΕΤΑΦΡΑΣΗ"></Subject><Activity_Tag name="ΦΙΛ"></Activity_Tag>
    </Hour>
    <Hour name="14:00">
      <Teacher name="ΠΑΠΠΑ ΧΡΥΣΑ"></Teacher><Subject name="ΑΡΧΑΙΑ-ΜΕΤΑΦΡΑΣΗ"></Subject><Activity_Tag name="ΦΙΛ"></Activity_Tag>
    </Hour>
   </Day>
   <Day name="Friday">
    <Hour name="08:00">
      <Teacher name="ΜΗΤΣΑΝΗ ΧΡΙΣΤΙΝΑ"></Teacher><Subject name="ΚΑΛΛΙΤΕΧΝΙΚΑ"></Subject>
    </Hour>
    <Hour name="09:00">
      <Teacher name="ΠΕΤΡΟΠΟΥΛΟΥ ΕΛΕΝΗ"></Teacher> <Teacher name="ΣΠΑΝΟΥ ΣΟΦΙΑ"></Teacher><Subject name="ΒΙΟΛΟΓΙΑ"></Subject>
    </Hour>
    <Hour name="10:00">
      <Teacher name="ΠΑΝΤΕΛΙΔΟΥ ΕΦΗ"></Teacher><Subject name="ΓΥΜΝΑΣΤΙΚΗ"></Subject>
    </Hour>
    <Hour name="11:00">
      <Teacher name="ΚΟΡΔΑ ΑΝΤΑ"></Teacher><Subject name="ΜΟΥΣΙΚΗ"></Subject>
    </Hour>
    <Hour name="12:00">
      <Teacher name="ΧΥΣΣΑ ΒΑΣΙΛΙΚΗ"></Teacher><Subject name="ΙΣΤΟΡΙΑ"></Subject>
    </Hour>
    <Hour name="13:00">
      <Teacher name="ΒΑΓΙΑ ΞΕΝΙΑ"></Teacher> <Teacher name="ΒΑΣΙΛΑΚΗ ΕΥΡΥΔΙΚΗ"></Teacher><Subject name="ΓΕΡΜΑΝΙΚΑ"></Subject>
    </Hour>
    <Hour name="14:00">
     
    </Hour>
   </Day>
  </Subgroup>
  <Subgroup name="Β4 Automatic Subgroup">
   <Day name="Monday">
    <Hour name="08:00">
      <Teacher name="ΤΣΑΟΥΣΙΔΗΣ ΝΙΚΗΤΑΣ"></Teacher><Subject name="ΓΥΜΝΑΣΤΙΚΗ"></Subject>
    </Hour>
    <Hour name="09:00">
      <Teacher name="ΒΑΡΘΗΣ ΕΥΑΓΓΕΛΟΣ"></Teacher><Subject name="ΦΥΣΙΚΗ"></Subject><Room name="ΕΡΓ-ΦΥΣ"></Room>
    </Hour>
    <Hour name="10:00">
      <Teacher name="ΧΥΣΣΑ ΒΑΣΙΛΙΚΗ"></Teacher><Subject name="ΙΣΤΟΡΙΑ"></Subject>
    </Hour>
    <Hour name="11:00">
      <Teacher name="ΠΕΤΡΟΠΟΥΛΟΥ ΕΛΕΝΗ"></Teacher><Subject name="ΒΙΟΛΟΓΙΑ"></Subject><Room name="ΕΡΓ-ΦΥΣ"></Room>
    </Hour>
    <Hour name="12:00">
      <Teacher name="ΧΡΥΣΙΚΟΠΟΥΛΟΥ ΕΜΙΛΙΑ"></Teacher><Subject name="ΜΑΘΗΜΑΤΙΚΑ"></Subject><Activity_Tag name="ΜΑΘ"></Activity_Tag>
    </Hour>
    <Hour name="13:00">
      <Teacher name="ΑΣΠΙΩΤΗ ΚΑΤΕΡΙΝΑ"></Teacher> <Teacher name="ΔΑΦΝΗΣ ΓΕΩΡΓΙΟΣ"></Teacher><Subject name="ΠΛΗΡΟΦ.-ΤΕΧΝΟΛ."></Subject>
    </Hour>
    <Hour name="14:00">
     
    </Hour>
   </Day>
   <Day name="Tuesday">
    <Hour name="08:00">
      <Teacher name="ΒΑΓΙΑ ΞΕΝΙΑ"></Teacher><Subject name="ΓΕΡΜΑΝΙΚΑ"></Subject>
    </Hour>
    <Hour name="09:00">
      <Teacher name="ΑΣΠΙΩΤΗ ΚΑΤΕΡΙΝΑ"></Teacher> <Teacher name="ΔΑΦΝΗΣ ΓΕΩΡΓΙΟΣ"></Teacher><Subject name="ΠΛΗΡΟΦ.-ΤΕΧΝΟΛ."></Subject>
    </Hour>
    <Hour name="10:00">
      <Teacher name="ΠΑΠΠΑ ΧΡΥΣΑ"></Teacher><Subject name="ΝΕΑ-ΚΕΙΜΕΝΑ"></Subject><Activity_Tag name="ΦΙΛ"></Activity_Tag>
    </Hour>
    <Hour name="11:00">
      <Teacher name="ΠΑΠΠΑ ΧΡΥΣΑ"></Teacher><Subject name="ΝΕΑ-ΚΕΙΜΕΝΑ"></Subject><Activity_Tag name="ΦΙΛ"></Activity_Tag>
    </Hour>
    <Hour name="12:00">
      <Teacher name="ΦΑΙΤΑ ΜΑΡΙΑ"></Teacher> <Teacher name="ΠΑΠΑΔΑΤΟΥ ΛΥΔΙΑ"></Teacher><Subject name="ΑΓΓΛΙΚΑ"></Subject>
    </Hour>
    <Hour name="13:00">
      <Teacher name="ΠΑΠΠΑ ΧΡΥΣΑ"></Teacher><Subject name="ΝΕΑ-ΓΛΩΣΣΑ"></Subject><Activity_Tag name="ΦΙΛ"></Activity_Tag>
    </Hour>
    <Hour name="14:00">
      <Teacher name="ΠΑΠΠΑ ΧΡΥΣΑ"></Teacher><Subject name="ΝΕΑ-ΓΛΩΣΣΑ"></Subject><Activity_Tag name="ΦΙΛ"></Activity_Tag>
    </Hour>
   </Day>
   <Day name="Wednesday">
    <Hour name="08:00">
      <Teacher name="ΠΕΤΡΟΠΟΥΛΟΥ ΕΛΕΝΗ"></Teacher><Subject name="ΧΗΜΕΙΑ"></Subject>
    </Hour>
    <Hour name="09:00">
      <Teacher name="ΧΡΥΣΙΚΟΠΟΥΛΟΥ ΕΜΙΛΙΑ"></Teacher><Subject name="ΓΕΩΓΡΑΦΙΑ"></Subject>
    </Hour>
    <Hour name="10:00">
      <Teacher name="ΧΥΣΣΑ ΒΑΣΙΛΙΚΗ"></Teacher><Subject name="ΙΣΤΟΡΙΑ"></Subject>
    </Hour>
    <Hour name="11:00">
      <Teacher name="ΧΡΥΣΙΚΟΠΟΥΛΟΥ ΕΜΙΛΙΑ"></Teacher><Subject name="ΜΑΘΗΜΑΤΙΚΑ"></Subject><Activity_Tag name="ΜΑΘ"></Activity_Tag>
    </Hour>
    <Hour name="12:00">
      <Teacher name="ΠΑΠΠΑ ΧΡΥΣΑ"></Teacher><Subject name="ΑΡΧΑΙΑ-ΜΕΤΑΦΡΑΣΗ"></Subject><Activity_Tag name="ΦΙΛ"></Activity_Tag>
    </Hour>
    <Hour name="13:00">
      <Teacher name="ΠΑΠΠΑ ΧΡΥΣΑ"></Teacher><Subject name="ΑΡΧΑΙΑ-ΜΕΤΑΦΡΑΣΗ"></Subject><Activity_Tag name="ΦΙΛ"></Activity_Tag>
    </Hour>
    <Hour name="14:00">
     
    </Hour>
   </Day>
   <Day name="Thursday">
    <Hour name="08:00">
      <Teacher name="ΦΑΙΤΑ ΜΑΡΙΑ"></Teacher> <Teacher name="ΠΑΠΑΔΑΤΟΥ ΛΥΔΙΑ"></Teacher><Subject name="ΑΓΓΛΙΚΑ"></Subject>
    </Hour>
    <Hour name="09:00">
      <Teacher name="ΤΣΑΟΥΣΙΔΗΣ ΝΙΚΗΤΑΣ"></Teacher><Subject name="ΓΥΜΝΑΣΤΙΚΗ"></Subject>
    </Hour>
    <Hour name="10:00">
      <Teacher name="ΧΡΥΣΙΚΟΠΟΥΛΟΥ ΕΜΙΛΙΑ"></Teacher><Subject name="ΜΑΘΗΜΑΤΙΚΑ"></Subject><Activity_Tag name="ΜΑΘ"></Activity_Tag>
    </Hour>
    <Hour name="11:00">
      <Teacher name="ΠΑΝΔΗΣ ΧΡΙΣΤΟΔΟΥΛΟΣ"></Teacher><Subject name="ΘΡΗΣΚΕΥΤΙΚΑ"></Subject>
    </Hour>
    <Hour name="12:00">
      <Teacher name="ΧΡΥΣΙΚΟΠΟΥΛΟΥ ΕΜΙΛΙΑ"></Teacher><Subject name="ΓΕΩΓΡΑΦΙΑ"></Subject>
    </Hour>
    <Hour name="13:00">
      <Teacher name="ΚΟΡΔΑ ΑΝΤΑ"></Teacher><Subject name="ΜΟΥΣΙΚΗ"></Subject>
    </Hour>
    <Hour name="14:00">
      <Teacher name="ΒΑΓΙΑ ΞΕΝΙΑ"></Teacher><Subject name="ΓΕΡΜΑΝΙΚΑ"></Subject>
    </Hour>
   </Day>
   <Day name="Friday">
    <Hour name="08:00">
      <Teacher name="ΠΑΝΔΗΣ ΧΡΙΣΤΟΔΟΥΛΟΣ"></Teacher><Subject name="ΘΡΗΣΚΕΥΤΙΚΑ"></Subject>
    </Hour>
    <Hour name="09:00">
      <Teacher name="ΠΑΠΠΑ ΧΡΥΣΑ"></Teacher><Subject name="ΑΡΧΑΙΑ-ΠΡΩΤΟΤΥΠΟ"></Subject><Activity_Tag name="ΦΙΛ"></Activity_Tag>
    </Hour>
    <Hour name="10:00">
      <Teacher name="ΠΑΠΠΑ ΧΡΥΣΑ"></Teacher><Subject name="ΑΡΧΑΙΑ-ΠΡΩΤΟΤΥΠΟ"></Subject><Activity_Tag name="ΦΙΛ"></Activity_Tag>
    </Hour>
    <Hour name="11:00">
      <Teacher name="ΧΡΥΣΙΚΟΠΟΥΛΟΥ ΕΜΙΛΙΑ"></Teacher><Subject name="ΜΑΘΗΜΑΤΙΚΑ"></Subject><Activity_Tag name="ΜΑΘ"></Activity_Tag>
    </Hour>
    <Hour name="12:00">
      <Teacher name="ΜΗΤΣΑΝΗ ΧΡΙΣΤΙΝΑ"></Teacher><Subject name="ΚΑΛΛΙΤΕΧΝΙΚΑ"></Subject>
    </Hour>
    <Hour name="13:00">
      <Teacher name="ΒΑΡΘΗΣ ΕΥΑΓΓΕΛΟΣ"></Teacher><Subject name="ΦΥΣΙΚΗ"></Subject><Room name="ΕΡΓ-ΦΥΣ"></Room>
    </Hour>
    <Hour name="14:00">
     
    </Hour>
   </Day>
  </Subgroup>
  <Subgroup name="Β5 Automatic Subgroup">
   <Day name="Monday">
    <Hour name="08:00">
      <Teacher name="ΠΑΠΠΑ ΧΡΥΣΑ"></Teacher><Subject name="ΝΕΑ-ΚΕΙΜΕΝΑ"></Subject><Activity_Tag name="ΦΙΛ"></Activity_Tag>
    </Hour>
    <Hour name="09:00">
      <Teacher name="ΠΑΝΟΥ ΕΥΑΓΓΕΛΙΑ"></Teacher><Subject name="ΜΑΘΗΜΑΤΙΚΑ"></Subject><Activity_Tag name="ΜΑΘ"></Activity_Tag>
    </Hour>
    <Hour name="10:00">
      <Teacher name="ΑΣΠΙΩΤΗ ΚΑΤΕΡΙΝΑ"></Teacher> <Teacher name="ΔΑΦΝΗΣ ΓΕΩΡΓΙΟΣ"></Teacher><Subject name="ΠΛΗΡΟΦ.-ΤΕΧΝΟΛ."></Subject>
    </Hour>
    <Hour name="11:00">
      <Teacher name="ΠΑΝΔΗΣ ΧΡΙΣΤΟΔΟΥΛΟΣ"></Teacher><Subject name="ΘΡΗΣΚΕΥΤΙΚΑ"></Subject>
    </Hour>
    <Hour name="12:00">
      <Teacher name="ΒΑΓΙΑ ΞΕΝΙΑ"></Teacher><Subject name="ΓΕΡΜΑΝΙΚΑ"></Subject>
    </Hour>
    <Hour name="13:00">
      <Teacher name="ΣΑΙΤ ΚΩΝΣΤΑΝΤΙΝΑ"></Teacher><Subject name="ΑΡΧΑΙΑ-ΜΕΤΑΦΡΑΣΗ"></Subject><Activity_Tag name="ΦΙΛ"></Activity_Tag>
    </Hour>
    <Hour name="14:00">
     
    </Hour>
   </Day>
   <Day name="Tuesday">
    <Hour name="08:00">
      <Teacher name="ΓΑΡΝΕΛΛΗ ΕΥΑΓΓΕΛΙΑ"></Teacher><Subject name="ΑΡΧΑΙΑ-ΠΡΩΤΟΤΥΠΟ"></Subject><Activity_Tag name="ΦΙΛ"></Activity_Tag>
    </Hour>
    <Hour name="09:00">
      <Teacher name="ΓΑΡΝΕΛΛΗ ΕΥΑΓΓΕΛΙΑ"></Teacher><Subject name="ΑΡΧΑΙΑ-ΠΡΩΤΟΤΥΠΟ"></Subject><Activity_Tag name="ΦΙΛ"></Activity_Tag>
    </Hour>
    <Hour name="10:00">
      <Teacher name="ΑΣΠΙΩΤΗ ΚΑΤΕΡΙΝΑ"></Teacher> <Teacher name="ΔΑΦΝΗΣ ΓΕΩΡΓΙΟΣ"></Teacher><Subject name="ΠΛΗΡΟΦ.-ΤΕΧΝΟΛ."></Subject>
    </Hour>
    <Hour name="11:00">
      <Teacher name="ΠΑΝΔΗΣ ΧΡΙΣΤΟΔΟΥΛΟΣ"></Teacher><Subject name="ΘΡΗΣΚΕΥΤΙΚΑ"></Subject>
    </Hour>
    <Hour name="12:00">
      <Teacher name="ΠΑΝΟΥ ΕΥΑΓΓΕΛΙΑ"></Teacher><Subject name="ΜΑΘΗΜΑΤΙΚΑ"></Subject><Activity_Tag name="ΜΑΘ"></Activity_Tag>
    </Hour>
    <Hour name="13:00">
      <Teacher name="ΤΣΑΟΥΣΙΔΗΣ ΝΙΚΗΤΑΣ"></Teacher><Subject name="ΓΥΜΝΑΣΤΙΚΗ"></Subject>
    </Hour>
    <Hour name="14:00">
      <Teacher name="ΚΟΡΔΑ ΑΝΤΑ"></Teacher><Subject name="ΜΟΥΣΙΚΗ"></Subject>
    </Hour>
   </Day>
   <Day name="Wednesday">
    <Hour name="08:00">
      <Teacher name="ΒΑΓΙΑ ΞΕΝΙΑ"></Teacher><Subject name="ΓΕΡΜΑΝΙΚΑ"></Subject>
    </Hour>
    <Hour name="09:00">
      <Teacher name="ΠΕΤΡΟΠΟΥΛΟΥ ΕΛΕΝΗ"></Teacher><Subject name="ΦΥΣΙΚΗ"></Subject><Room name="ΕΡΓ-ΦΥΣ"></Room>
    </Hour>
    <Hour name="10:00">
      <Teacher name="ΠΕΤΡΟΠΟΥΛΟΥ ΕΛΕΝΗ"></Teacher><Subject name="ΒΙΟΛΟΓΙΑ"></Subject><Room name="ΕΡΓ-ΦΥΣ"></Room>
    </Hour>
    <Hour name="11:00">
      <Teacher name="ΧΥΣΣΑ ΒΑΣΙΛΙΚΗ"></Teacher><Subject name="ΙΣΤΟΡΙΑ"></Subject>
    </Hour>
    <Hour name="12:00">
      <Teacher name="ΓΑΡΝΕΛΛΗ ΕΥΑΓΓΕΛΙΑ"></Teacher><Subject name="ΝΕΑ-ΓΛΩΣΣΑ"></Subject><Activity_Tag name="ΦΙΛ"></Activity_Tag>
    </Hour>
    <Hour name="13:00">
      <Teacher name="ΓΑΡΝΕΛΛΗ ΕΥΑΓΓΕΛΙΑ"></Teacher><Subject name="ΝΕΑ-ΓΛΩΣΣΑ"></Subject><Activity_Tag name="ΦΙΛ"></Activity_Tag>
    </Hour>
    <Hour name="14:00">
     
    </Hour>
   </Day>
   <Day name="Thursday">
    <Hour name="08:00">
      <Teacher name="ΠΕΤΡΟΠΟΥΛΟΥ ΕΛΕΝΗ"></Teacher><Subject name="ΧΗΜΕΙΑ"></Subject><Room name="ΕΡΓ-ΦΥΣ"></Room>
    </Hour>
    <Hour name="09:00">
      <Teacher name="ΠΑΝΟΥ ΕΥΑΓΓΕΛΙΑ"></Teacher><Subject name="ΜΑΘΗΜΑΤΙΚΑ"></Subject><Activity_Tag name="ΜΑΘ"></Activity_Tag>
    </Hour>
    <Hour name="10:00">
      <Teacher name="ΣΑΙΤ ΚΩΝΣΤΑΝΤΙΝΑ"></Teacher><Subject name="ΑΡΧΑΙΑ-ΜΕΤΑΦΡΑΣΗ"></Subject><Activity_Tag name="ΦΙΛ"></Activity_Tag>
    </Hour>
    <Hour name="11:00">
      <Teacher name="ΣΚΑΦΤΟΥΡΟΥ ΔΗΜΗΤΡΑ"></Teacher><Subject name="ΓΕΩΓΡΑΦΙΑ"></Subject>
    </Hour>
    <Hour name="12:00">
      <Teacher name="ΠΕΤΡΟΠΟΥΛΟΥ ΕΛΕΝΗ"></Teacher><Subject name="ΦΥΣΙΚΗ"></Subject><Room name="ΕΡΓ-ΦΥΣ"></Room>
    </Hour>
    <Hour name="13:00">
      <Teacher name="ΜΗΤΣΑΝΗ ΧΡΙΣΤΙΝΑ"></Teacher><Subject name="ΚΑΛΛΙΤΕΧΝΙΚΑ"></Subject>
    </Hour>
    <Hour name="14:00">
      <Teacher name="ΦΑΙΤΑ ΜΑΡΙΑ"></Teacher><Subject name="ΑΓΓΛΙΚΑ-ΠΡΟΧ"></Subject>
    </Hour>
   </Day>
   <Day name="Friday">
    <Hour name="08:00">
      <Teacher name="ΦΑΙΤΑ ΜΑΡΙΑ"></Teacher><Subject name="ΑΓΓΛΙΚΑ-ΠΡΟΧ"></Subject>
    </Hour>
    <Hour name="09:00">
      <Teacher name="ΤΣΑΟΥΣΙΔΗΣ ΝΙΚΗΤΑΣ"></Teacher><Subject name="ΓΥΜΝΑΣΤΙΚΗ"></Subject>
    </Hour>
    <Hour name="10:00">
      <Teacher name="ΣΚΑΦΤΟΥΡΟΥ ΔΗΜΗΤΡΑ"></Teacher><Subject name="ΓΕΩΓΡΑΦΙΑ"></Subject>
    </Hour>
    <Hour name="11:00">
      <Teacher name="ΧΥΣΣΑ ΒΑΣΙΛΙΚΗ"></Teacher><Subject name="ΙΣΤΟΡΙΑ"></Subject>
    </Hour>
    <Hour name="12:00">
      <Teacher name="ΠΑΠΠΑ ΧΡΥΣΑ"></Teacher><Subject name="ΝΕΑ-ΚΕΙΜΕΝΑ"></Subject><Activity_Tag name="ΦΙΛ"></Activity_Tag>
    </Hour>
    <Hour name="13:00">
      <Teacher name="ΠΑΝΟΥ ΕΥΑΓΓΕΛΙΑ"></Teacher><Subject name="ΜΑΘΗΜΑΤΙΚΑ"></Subject><Activity_Tag name="ΜΑΘ"></Activity_Tag>
    </Hour>
    <Hour name="14:00">
     
    </Hour>
   </Day>
  </Subgroup>
  <Subgroup name="Γ1* Automatic Subgroup">
   <Day name="Monday">
    <Hour name="08:00">
      <Teacher name="ΠΕΤΡΟΠΟΥΛΟΥ ΕΛΕΝΗ"></Teacher> <Teacher name="ΣΠΑΝΟΥ ΣΟΦΙΑ"></Teacher><Subject name="ΦΥΣΙΚΗ"></Subject>
    </Hour>
    <Hour name="09:00">
      <Teacher name="ΧΡΥΣΙΚΟΠΟΥΛΟΥ ΕΜΙΛΙΑ"></Teacher> <Teacher name="ΚΥΡΙΑΚΗ ΑΝΝΑ"></Teacher><Subject name="ΜΑΘΗΜΑΤΙΚΑ"></Subject><Activity_Tag name="ΜΑΘ"></Activity_Tag>
    </Hour>
    <Hour name="10:00">
      <Teacher name="ΒΑΣΙΛΑΚΗ ΕΥΡΥΔΙΚΗ"></Teacher> <Teacher name="ΒΑΓΙΑ ΞΕΝΙΑ"></Teacher><Subject name="ΓΕΡΜΑΝΙΚΑ"></Subject>
    </Hour>
    <Hour name="11:00">
      <Teacher name="ΒΑΣΙΛΑΚΗ ΕΥΡΥΔΙΚΗ"></Teacher><Subject name="ΙΣΤΟΡΙΑ"></Subject><Activity_Tag name="ΦΙΛ"></Activity_Tag>
    </Hour>
    <Hour name="12:00">
      <Teacher name="ΜΟΝΑΣΤΗΡΙΩΤΗ ΑΣΗΜΙΝΑ"></Teacher> <Teacher name="ΚΑΡΔΑΚΑΡΗ ΟΛΙΒΙΑ"></Teacher><Subject name="ΝΕΑ-ΓΛΩΣΣΑ"></Subject><Activity_Tag name="ΦΙΛ"></Activity_Tag>
    </Hour>
    <Hour name="13:00">
      <Teacher name="ΜΟΝΑΣΤΗΡΙΩΤΗ ΑΣΗΜΙΝΑ"></Teacher> <Teacher name="ΚΑΡΔΑΚΑΡΗ ΟΛΙΒΙΑ"></Teacher><Subject name="ΝΕΑ-ΓΛΩΣΣΑ"></Subject><Activity_Tag name="ΦΙΛ"></Activity_Tag>
    </Hour>
    <Hour name="14:00">
     
    </Hour>
   </Day>
   <Day name="Tuesday">
    <Hour name="08:00">
      <Teacher name="ΦΑΙΤΑ ΜΑΡΙΑ"></Teacher> <Teacher name="ΠΑΠΑΔΑΤΟΥ ΛΥΔΙΑ"></Teacher><Subject name="ΑΓΓΛΙΚΑ"></Subject>
    </Hour>
    <Hour name="09:00">
      <Teacher name="ΧΡΥΣΙΚΟΠΟΥΛΟΥ ΕΜΙΛΙΑ"></Teacher> <Teacher name="ΚΥΡΙΑΚΗ ΑΝΝΑ"></Teacher><Subject name="ΜΑΘΗΜΑΤΙΚΑ"></Subject><Activity_Tag name="ΜΑΘ"></Activity_Tag>
    </Hour>
    <Hour name="10:00">
      <Teacher name="ΧΥΣΣΑ ΒΑΣΙΛΙΚΗ"></Teacher><Subject name="ΚΠΑ"></Subject>
    </Hour>
    <Hour name="11:00">
      <Teacher name="ΜΟΝΑΣΤΗΡΙΩΤΗ ΑΣΗΜΙΝΑ"></Teacher><Subject name="ΑΡΧΑΙΑ-ΠΡΩΤΟΤΥΠΟ"></Subject><Activity_Tag name="ΦΙΛ"></Activity_Tag>
    </Hour>
    <Hour name="12:00">
      <Teacher name="ΜΟΝΑΣΤΗΡΙΩΤΗ ΑΣΗΜΙΝΑ"></Teacher><Subject name="ΑΡΧΑΙΑ-ΠΡΩΤΟΤΥΠΟ"></Subject><Activity_Tag name="ΦΙΛ"></Activity_Tag>
    </Hour>
    <Hour name="13:00">
      <Teacher name="ΜΟΝΑΣΤΗΡΙΩΤΗ ΑΣΗΜΙΝΑ"></Teacher> <Teacher name="ΚΑΡΔΑΚΑΡΗ ΟΛΙΒΙΑ"></Teacher><Subject name="ΝΕΑ-ΚΕΙΜΕΝΑ"></Subject><Activity_Tag name="ΦΙΛ"></Activity_Tag>
    </Hour>
    <Hour name="14:00">
      <Teacher name="ΜΟΝΑΣΤΗΡΙΩΤΗ ΑΣΗΜΙΝΑ"></Teacher> <Teacher name="ΚΑΡΔΑΚΑΡΗ ΟΛΙΒΙΑ"></Teacher><Subject name="ΝΕΑ-ΚΕΙΜΕΝΑ"></Subject><Activity_Tag name="ΦΙΛ"></Activity_Tag>
    </Hour>
   </Day>
   <Day name="Wednesday">
    <Hour name="08:00">
      <Teacher name="ΠΑΝΔΗΣ ΧΡΙΣΤΟΔΟΥΛΟΣ"></Teacher><Subject name="ΘΡΗΣΚΕΥΤΙΚΑ"></Subject>
    </Hour>
    <Hour name="09:00">
      <Teacher name="ΒΑΣΙΛΑΚΗ ΕΥΡΥΔΙΚΗ"></Teacher> <Teacher name="ΒΑΓΙΑ ΞΕΝΙΑ"></Teacher><Subject name="ΓΕΡΜΑΝΙΚΑ"></Subject>
    </Hour>
    <Hour name="10:00">
      <Teacher name="ΜΟΝΑΣΤΗΡΙΩΤΗ ΑΣΗΜΙΝΑ"></Teacher><Subject name="ΑΡΧΑΙΑ-ΜΕΤΑΦΡΑΣΗ"></Subject><Activity_Tag name="ΦΙΛ"></Activity_Tag>
    </Hour>
    <Hour name="11:00">
      <Teacher name="ΜΟΝΑΣΤΗΡΙΩΤΗ ΑΣΗΜΙΝΑ"></Teacher><Subject name="ΑΡΧΑΙΑ-ΜΕΤΑΦΡΑΣΗ"></Subject><Activity_Tag name="ΦΙΛ"></Activity_Tag>
    </Hour>
    <Hour name="12:00">
      <Teacher name="ΠΑΝΤΕΛΙΔΟΥ ΕΦΗ"></Teacher><Subject name="ΓΥΜΝΑΣΤΙΚΗ"></Subject>
    </Hour>
    <Hour name="13:00">
      <Teacher name="ΚΟΡΔΑ ΑΝΤΑ"></Teacher><Subject name="ΜΟΥΣΙΚΗ"></Subject>
    </Hour>
    <Hour name="14:00">
     
    </Hour>
   </Day>
   <Day name="Thursday">
    <Hour name="08:00">
      <Teacher name="ΠΑΝΤΕΛΙΔΟΥ ΕΦΗ"></Teacher><Subject name="ΓΥΜΝΑΣΤΙΚΗ"></Subject>
    </Hour>
    <Hour name="09:00">
      <Teacher name="ΧΡΥΣΙΚΟΠΟΥΛΟΥ ΕΜΙΛΙΑ"></Teacher> <Teacher name="ΚΥΡΙΑΚΗ ΑΝΝΑ"></Teacher><Subject name="ΜΑΘΗΜΑΤΙΚΑ"></Subject><Activity_Tag name="ΜΑΘ"></Activity_Tag>
    </Hour>
    <Hour name="10:00">
      <Teacher name="ΒΑΣΙΛΑΚΗ ΕΥΡΥΔΙΚΗ"></Teacher><Subject name="ΙΣΤΟΡΙΑ"></Subject><Activity_Tag name="ΦΙΛ"></Activity_Tag>
    </Hour>
    <Hour name="11:00">
      <Teacher name="ΧΥΣΣΑ ΒΑΣΙΛΙΚΗ"></Teacher><Subject name="ΚΠΑ"></Subject>
    </Hour>
    <Hour name="12:00">
      <Teacher name="ΦΑΙΤΑ ΜΑΡΙΑ"></Teacher> <Teacher name="ΠΑΠΑΔΑΤΟΥ ΛΥΔΙΑ"></Teacher><Subject name="ΑΓΓΛΙΚΑ"></Subject>
    </Hour>
    <Hour name="13:00">
      <Teacher name="ΒΑΡΘΗΣ ΕΥΑΓΓΕΛΟΣ"></Teacher><Subject name="ΒΙΟΛΟΓΙΑ"></Subject><Room name="ΕΡΓ-ΦΥΣ"></Room>
    </Hour>
    <Hour name="14:00">
      <Teacher name="ΠΑΝΔΗΣ ΧΡΙΣΤΟΔΟΥΛΟΣ"></Teacher><Subject name="ΘΡΗΣΚΕΥΤΙΚΑ"></Subject>
    </Hour>
   </Day>
   <Day name="Friday">
    <Hour name="08:00">
      <Teacher name="ΠΕΤΡΟΠΟΥΛΟΥ ΕΛΕΝΗ"></Teacher><Subject name="ΧΗΜΕΙΑ"></Subject><Room name="ΕΡΓ-ΦΥΣ"></Room>
    </Hour>
    <Hour name="09:00">
      <Teacher name="ΑΣΠΙΩΤΗ ΚΑΤΕΡΙΝΑ"></Teacher> <Teacher name="ΔΑΦΝΗΣ ΓΕΩΡΓΙΟΣ"></Teacher><Subject name="ΠΛΗΡΟΦ.-ΤΕΧΝΟΛ."></Subject>
    </Hour>
    <Hour name="10:00">
      <Teacher name="ΑΣΠΙΩΤΗ ΚΑΤΕΡΙΝΑ"></Teacher> <Teacher name="ΔΑΦΝΗΣ ΓΕΩΡΓΙΟΣ"></Teacher><Subject name="ΠΛΗΡΟΦ.-ΤΕΧΝΟΛ."></Subject>
    </Hour>
    <Hour name="11:00">
      <Teacher name="ΜΗΤΣΑΝΗ ΧΡΙΣΤΙΝΑ"></Teacher><Subject name="ΚΑΛΛΙΤΕΧΝΙΚΑ"></Subject>
    </Hour>
    <Hour name="12:00">
      <Teacher name="ΠΕΤΡΟΠΟΥΛΟΥ ΕΛΕΝΗ"></Teacher> <Teacher name="ΣΠΑΝΟΥ ΣΟΦΙΑ"></Teacher><Subject name="ΦΥΣΙΚΗ"></Subject>
    </Hour>
    <Hour name="13:00">
      <Teacher name="ΧΡΥΣΙΚΟΠΟΥΛΟΥ ΕΜΙΛΙΑ"></Teacher> <Teacher name="ΚΥΡΙΑΚΗ ΑΝΝΑ"></Teacher><Subject name="ΜΑΘΗΜΑΤΙΚΑ"></Subject><Activity_Tag name="ΜΑΘ"></Activity_Tag>
    </Hour>
    <Hour name="14:00">
     
    </Hour>
   </Day>
  </Subgroup>
  <Subgroup name="Γ2* Automatic Subgroup">
   <Day name="Monday">
    <Hour name="08:00">
      <Teacher name="ΤΣΙΑΜΤΣΟΥΡΗ ΒΙΒΗ"></Teacher><Subject name="ΑΡΧΑΙΑ-ΜΕΤΑΦΡΑΣΗ"></Subject><Activity_Tag name="ΦΙΛ"></Activity_Tag>
    </Hour>
    <Hour name="09:00">
      <Teacher name="ΤΣΙΑΜΤΣΟΥΡΗ ΒΙΒΗ"></Teacher><Subject name="ΑΡΧΑΙΑ-ΜΕΤΑΦΡΑΣΗ"></Subject><Activity_Tag name="ΦΙΛ"></Activity_Tag>
    </Hour>
    <Hour name="10:00">
      <Teacher name="ΒΑΡΘΗΣ ΕΥΑΓΓΕΛΟΣ"></Teacher><Subject name="ΒΙΟΛΟΓΙΑ"></Subject><Room name="ΕΡΓ-ΦΥΣ"></Room>
    </Hour>
    <Hour name="11:00">
      <Teacher name="ΦΑΙΤΑ ΜΑΡΙΑ"></Teacher> <Teacher name="ΠΑΠΑΔΑΤΟΥ ΛΥΔΙΑ"></Teacher><Subject name="ΑΓΓΛΙΚΑ"></Subject>
    </Hour>
    <Hour name="12:00">
      <Teacher name="ΠΑΝΟΥ ΕΥΑΓΓΕΛΙΑ"></Teacher> <Teacher name="ΚΥΡΙΑΚΗ ΑΝΝΑ"></Teacher><Subject name="ΜΑΘΗΜΑΤΙΚΑ"></Subject><Activity_Tag name="ΜΑΘ"></Activity_Tag>
    </Hour>
    <Hour name="13:00">
      <Teacher name="ΚΟΡΔΑ ΑΝΤΑ"></Teacher><Subject name="ΜΟΥΣΙΚΗ"></Subject>
    </Hour>
    <Hour name="14:00">
     
    </Hour>
   </Day>
   <Day name="Tuesday">
    <Hour name="08:00">
      <Teacher name="ΠΑΝΔΗΣ ΧΡΙΣΤΟΔΟΥΛΟΣ"></Teacher><Subject name="ΘΡΗΣΚΕΥΤΙΚΑ"></Subject>
    </Hour>
    <Hour name="09:00">
      <Teacher name="ΤΣΙΑΜΤΣΟΥΡΗ ΒΙΒΗ"></Teacher><Subject name="ΝΕΑ-ΚΕΙΜΕΝΑ"></Subject><Activity_Tag name="ΦΙΛ"></Activity_Tag>
    </Hour>
    <Hour name="10:00">
      <Teacher name="ΤΣΙΑΜΤΣΟΥΡΗ ΒΙΒΗ"></Teacher><Subject name="ΝΕΑ-ΚΕΙΜΕΝΑ"></Subject><Activity_Tag name="ΦΙΛ"></Activity_Tag>
    </Hour>
    <Hour name="11:00">
      <Teacher name="ΧΥΣΣΑ ΒΑΣΙΛΙΚΗ"></Teacher><Subject name="ΚΠΑ"></Subject>
    </Hour>
    <Hour name="12:00">
      <Teacher name="ΠΕΤΡΟΠΟΥΛΟΥ ΕΛΕΝΗ"></Teacher> <Teacher name="ΣΠΑΝΟΥ ΣΟΦΙΑ"></Teacher><Subject name="ΦΥΣΙΚΗ"></Subject>
    </Hour>
    <Hour name="13:00">
      <Teacher name="ΒΑΣΙΛΑΚΗ ΕΥΡΥΔΙΚΗ"></Teacher><Subject name="ΙΣΤΟΡΙΑ"></Subject><Activity_Tag name="ΦΙΛ"></Activity_Tag>
    </Hour>
    <Hour name="14:00">
      <Teacher name="ΒΑΣΙΛΑΚΗ ΕΥΡΥΔΙΚΗ"></Teacher> <Teacher name="ΒΑΓΙΑ ΞΕΝΙΑ"></Teacher><Subject name="ΓΕΡΜΑΝΙΚΑ"></Subject>
    </Hour>
   </Day>
   <Day name="Wednesday">
    <Hour name="08:00">
      <Teacher name="ΤΣΙΑΜΤΣΟΥΡΗ ΒΙΒΗ"></Teacher><Subject name="ΝΕΑ-ΓΛΩΣΣΑ"></Subject><Activity_Tag name="ΦΙΛ"></Activity_Tag>
    </Hour>
    <Hour name="09:00">
      <Teacher name="ΤΣΙΑΜΤΣΟΥΡΗ ΒΙΒΗ"></Teacher><Subject name="ΝΕΑ-ΓΛΩΣΣΑ"></Subject><Activity_Tag name="ΦΙΛ"></Activity_Tag>
    </Hour>
    <Hour name="10:00">
      <Teacher name="ΒΑΣΙΛΑΚΗ ΕΥΡΥΔΙΚΗ"></Teacher><Subject name="ΙΣΤΟΡΙΑ"></Subject><Activity_Tag name="ΦΙΛ"></Activity_Tag>
    </Hour>
    <Hour name="11:00">
      <Teacher name="ΠΑΝΟΥ ΕΥΑΓΓΕΛΙΑ"></Teacher> <Teacher name="ΚΥΡΙΑΚΗ ΑΝΝΑ"></Teacher><Subject name="ΜΑΘΗΜΑΤΙΚΑ"></Subject><Activity_Tag name="ΜΑΘ"></Activity_Tag>
    </Hour>
    <Hour name="12:00">
      <Teacher name="ΠΕΤΡΟΠΟΥΛΟΥ ΕΛΕΝΗ"></Teacher> <Teacher name="ΣΠΑΝΟΥ ΣΟΦΙΑ"></Teacher><Subject name="ΦΥΣΙΚΗ"></Subject>
    </Hour>
    <Hour name="13:00">
      <Teacher name="ΠΑΝΤΕΛΙΔΟΥ ΕΦΗ"></Teacher><Subject name="ΓΥΜΝΑΣΤΙΚΗ"></Subject>
    </Hour>
    <Hour name="14:00">
     
    </Hour>
   </Day>
   <Day name="Thursday">
    <Hour name="08:00">
      <Teacher name="ΜΗΤΣΑΝΗ ΧΡΙΣΤΙΝΑ"></Teacher><Subject name="ΚΑΛΛΙΤΕΧΝΙΚΑ"></Subject>
    </Hour>
    <Hour name="09:00">
      <Teacher name="ΠΕΤΡΟΠΟΥΛΟΥ ΕΛΕΝΗ"></Teacher><Subject name="ΧΗΜΕΙΑ"></Subject><Room name="ΕΡΓ-ΦΥΣ"></Room>
    </Hour>
    <Hour name="10:00">
      <Teacher name="ΤΣΙΑΜΤΣΟΥΡΗ ΒΙΒΗ"></Teacher><Subject name="ΑΡΧΑΙΑ-ΠΡΩΤΟΤΥΠΟ"></Subject><Activity_Tag name="ΦΙΛ"></Activity_Tag>
    </Hour>
    <Hour name="11:00">
      <Teacher name="ΤΣΙΑΜΤΣΟΥΡΗ ΒΙΒΗ"></Teacher><Subject name="ΑΡΧΑΙΑ-ΠΡΩΤΟΤΥΠΟ"></Subject><Activity_Tag name="ΦΙΛ"></Activity_Tag>
    </Hour>
    <Hour name="12:00">
      <Teacher name="ΠΑΝΟΥ ΕΥΑΓΓΕΛΙΑ"></Teacher> <Teacher name="ΚΥΡΙΑΚΗ ΑΝΝΑ"></Teacher><Subject name="ΜΑΘΗΜΑΤΙΚΑ"></Subject><Activity_Tag name="ΜΑΘ"></Activity_Tag>
    </Hour>
    <Hour name="13:00">
      <Teacher name="ΦΑΙΤΑ ΜΑΡΙΑ"></Teacher> <Teacher name="ΠΑΠΑΔΑΤΟΥ ΛΥΔΙΑ"></Teacher><Subject name="ΑΓΓΛΙΚΑ"></Subject>
    </Hour>
    <Hour name="14:00">
      <Teacher name="ΧΥΣΣΑ ΒΑΣΙΛΙΚΗ"></Teacher><Subject name="ΚΠΑ"></Subject>
    </Hour>
   </Day>
   <Day name="Friday">
    <Hour name="08:00">
      <Teacher name="ΠΑΝΤΕΛΙΔΟΥ ΕΦΗ"></Teacher><Subject name="ΓΥΜΝΑΣΤΙΚΗ"></Subject>
    </Hour>
    <Hour name="09:00">
      <Teacher name="ΒΑΣΙΛΑΚΗ ΕΥΡΥΔΙΚΗ"></Teacher> <Teacher name="ΒΑΓΙΑ ΞΕΝΙΑ"></Teacher><Subject name="ΓΕΡΜΑΝΙΚΑ"></Subject>
    </Hour>
    <Hour name="10:00">
      <Teacher name="ΠΑΝΟΥ ΕΥΑΓΓΕΛΙΑ"></Teacher> <Teacher name="ΚΥΡΙΑΚΗ ΑΝΝΑ"></Teacher><Subject name="ΜΑΘΗΜΑΤΙΚΑ"></Subject><Activity_Tag name="ΜΑΘ"></Activity_Tag>
    </Hour>
    <Hour name="11:00">
      <Teacher name="ΠΑΝΔΗΣ ΧΡΙΣΤΟΔΟΥΛΟΣ"></Teacher><Subject name="ΘΡΗΣΚΕΥΤΙΚΑ"></Subject>
    </Hour>
    <Hour name="12:00">
      <Teacher name="ΑΣΠΙΩΤΗ ΚΑΤΕΡΙΝΑ"></Teacher> <Teacher name="ΔΑΦΝΗΣ ΓΕΩΡΓΙΟΣ"></Teacher><Subject name="ΠΛΗΡΟΦ.-ΤΕΧΝΟΛ."></Subject>
    </Hour>
    <Hour name="13:00">
      <Teacher name="ΑΣΠΙΩΤΗ ΚΑΤΕΡΙΝΑ"></Teacher> <Teacher name="ΔΑΦΝΗΣ ΓΕΩΡΓΙΟΣ"></Teacher><Subject name="ΠΛΗΡΟΦ.-ΤΕΧΝΟΛ."></Subject>
    </Hour>
    <Hour name="14:00">
     
    </Hour>
   </Day>
  </Subgroup>
  <Subgroup name="Γ3* Automatic Subgroup">
   <Day name="Monday">
    <Hour name="08:00">
      <Teacher name="ΠΑΝΤΕΛΙΔΟΥ ΕΦΗ"></Teacher><Subject name="ΓΥΜΝΑΣΤΙΚΗ"></Subject>
    </Hour>
    <Hour name="09:00">
      <Teacher name="ΠΕΤΡΟΠΟΥΛΟΥ ΕΛΕΝΗ"></Teacher> <Teacher name="ΣΠΑΝΟΥ ΣΟΦΙΑ"></Teacher><Subject name="ΦΥΣΙΚΗ"></Subject>
    </Hour>
    <Hour name="10:00">
      <Teacher name="ΧΡΥΣΙΚΟΠΟΥΛΟΥ ΕΜΙΛΙΑ"></Teacher> <Teacher name="ΚΥΡΙΑΚΗ ΑΝΝΑ"></Teacher><Subject name="ΜΑΘΗΜΑΤΙΚΑ"></Subject><Activity_Tag name="ΜΑΘ"></Activity_Tag>
    </Hour>
    <Hour name="11:00">
      <Teacher name="ΦΑΙΤΑ ΜΑΡΙΑ"></Teacher> <Teacher name="ΠΑΠΑΔΑΤΟΥ ΛΥΔΙΑ"></Teacher><Subject name="ΑΓΓΛΙΚΑ"></Subject>
    </Hour>
    <Hour name="12:00">
      <Teacher name="ΧΥΣΣΑ ΒΑΣΙΛΙΚΗ"></Teacher><Subject name="ΚΠΑ"></Subject>
    </Hour>
    <Hour name="13:00">
      <Teacher name="ΓΑΡΝΕΛΛΗ ΕΥΑΓΓΕΛΙΑ"></Teacher><Subject name="ΙΣΤΟΡΙΑ"></Subject><Activity_Tag name="ΦΙΛ"></Activity_Tag>
    </Hour>
    <Hour name="14:00">
     
    </Hour>
   </Day>
   <Day name="Tuesday">
    <Hour name="08:00">
      <Teacher name="ΧΡΥΣΙΚΟΠΟΥΛΟΥ ΕΜΙΛΙΑ"></Teacher> <Teacher name="ΚΥΡΙΑΚΗ ΑΝΝΑ"></Teacher><Subject name="ΜΑΘΗΜΑΤΙΚΑ"></Subject><Activity_Tag name="ΜΑΘ"></Activity_Tag>
    </Hour>
    <Hour name="09:00">
      <Teacher name="ΠΑΝΤΕΛΙΔΟΥ ΕΦΗ"></Teacher><Subject name="ΓΥΜΝΑΣΤΙΚΗ"></Subject>
    </Hour>
    <Hour name="10:00">
      <Teacher name="ΠΕΤΡΟΠΟΥΛΟΥ ΕΛΕΝΗ"></Teacher> <Teacher name="ΣΠΑΝΟΥ ΣΟΦΙΑ"></Teacher><Subject name="ΦΥΣΙΚΗ"></Subject>
    </Hour>
    <Hour name="11:00">
      <Teacher name="ΒΑΓΙΑ ΞΕΝΙΑ"></Teacher> <Teacher name="ΒΑΣΙΛΑΚΗ ΕΥΡΥΔΙΚΗ"></Teacher><Subject name="ΓΕΡΜΑΝΙΚΑ"></Subject>
    </Hour>
    <Hour name="12:00">
      <Teacher name="ΠΑΝΔΗΣ ΧΡΙΣΤΟΔΟΥΛΟΣ"></Teacher><Subject name="ΘΡΗΣΚΕΥΤΙΚΑ"></Subject>
    </Hour>
    <Hour name="13:00">
      <Teacher name="ΧΥΣΣΑ ΒΑΣΙΛΙΚΗ"></Teacher><Subject name="ΚΠΑ"></Subject>
    </Hour>
    <Hour name="14:00">
      <Teacher name="ΠΕΤΡΟΠΟΥΛΟΥ ΕΛΕΝΗ"></Teacher><Subject name="ΧΗΜΕΙΑ"></Subject><Room name="ΕΡΓ-ΦΥΣ"></Room>
    </Hour>
   </Day>
   <Day name="Wednesday">
    <Hour name="08:00">
      <Teacher name="ΜΟΝΑΣΤΗΡΙΩΤΗ ΑΣΗΜΙΝΑ"></Teacher> <Teacher name="ΚΑΡΔΑΚΑΡΗ ΟΛΙΒΙΑ"></Teacher><Subject name="ΝΕΑ-ΚΕΙΜΕΝΑ"></Subject><Activity_Tag name="ΦΙΛ"></Activity_Tag>
    </Hour>
    <Hour name="09:00">
      <Teacher name="ΜΟΝΑΣΤΗΡΙΩΤΗ ΑΣΗΜΙΝΑ"></Teacher> <Teacher name="ΚΑΡΔΑΚΑΡΗ ΟΛΙΒΙΑ"></Teacher><Subject name="ΝΕΑ-ΚΕΙΜΕΝΑ"></Subject><Activity_Tag name="ΦΙΛ"></Activity_Tag>
    </Hour>
    <Hour name="10:00">
      <Teacher name="ΑΣΠΙΩΤΗ ΚΑΤΕΡΙΝΑ"></Teacher> <Teacher name="ΔΑΦΝΗΣ ΓΕΩΡΓΙΟΣ"></Teacher><Subject name="ΠΛΗΡΟΦ.-ΤΕΧΝΟΛ."></Subject>
    </Hour>
    <Hour name="11:00">
      <Teacher name="ΑΣΠΙΩΤΗ ΚΑΤΕΡΙΝΑ"></Teacher> <Teacher name="ΔΑΦΝΗΣ ΓΕΩΡΓΙΟΣ"></Teacher><Subject name="ΠΛΗΡΟΦ.-ΤΕΧΝΟΛ."></Subject>
    </Hour>
    <Hour name="12:00">
      <Teacher name="ΧΡΥΣΙΚΟΠΟΥΛΟΥ ΕΜΙΛΙΑ"></Teacher> <Teacher name="ΚΥΡΙΑΚΗ ΑΝΝΑ"></Teacher><Subject name="ΜΑΘΗΜΑΤΙΚΑ"></Subject><Activity_Tag name="ΜΑΘ"></Activity_Tag>
    </Hour>
    <Hour name="13:00">
      <Teacher name="ΠΑΝΔΗΣ ΧΡΙΣΤΟΔΟΥΛΟΣ"></Teacher><Subject name="ΘΡΗΣΚΕΥΤΙΚΑ"></Subject>
    </Hour>
    <Hour name="14:00">
     
    </Hour>
   </Day>
   <Day name="Thursday">
    <Hour name="08:00">
      <Teacher name="ΜΟΝΑΣΤΗΡΙΩΤΗ ΑΣΗΜΙΝΑ"></Teacher> <Teacher name="ΚΑΡΔΑΚΑΡΗ ΟΛΙΒΙΑ"></Teacher><Subject name="ΝΕΑ-ΓΛΩΣΣΑ"></Subject><Activity_Tag name="ΦΙΛ"></Activity_Tag>
    </Hour>
    <Hour name="09:00">
      <Teacher name="ΜΟΝΑΣΤΗΡΙΩΤΗ ΑΣΗΜΙΝΑ"></Teacher> <Teacher name="ΚΑΡΔΑΚΑΡΗ ΟΛΙΒΙΑ"></Teacher><Subject name="ΝΕΑ-ΓΛΩΣΣΑ"></Subject><Activity_Tag name="ΦΙΛ"></Activity_Tag>
    </Hour>
    <Hour name="10:00">
      <Teacher name="ΜΟΝΑΣΤΗΡΙΩΤΗ ΑΣΗΜΙΝΑ"></Teacher><Subject name="ΑΡΧΑΙΑ-ΜΕΤΑΦΡΑΣΗ"></Subject><Activity_Tag name="ΦΙΛ"></Activity_Tag>
    </Hour>
    <Hour name="11:00">
      <Teacher name="ΜΟΝΑΣΤΗΡΙΩΤΗ ΑΣΗΜΙΝΑ"></Teacher><Subject name="ΑΡΧΑΙΑ-ΜΕΤΑΦΡΑΣΗ"></Subject><Activity_Tag name="ΦΙΛ"></Activity_Tag>
    </Hour>
    <Hour name="12:00">
      <Teacher name="ΜΗΤΣΑΝΗ ΧΡΙΣΤΙΝΑ"></Teacher><Subject name="ΚΑΛΛΙΤΕΧΝΙΚΑ"></Subject>
    </Hour>
    <Hour name="13:00">
      <Teacher name="ΦΑΙΤΑ ΜΑΡΙΑ"></Teacher> <Teacher name="ΠΑΠΑΔΑΤΟΥ ΛΥΔΙΑ"></Teacher><Subject name="ΑΓΓΛΙΚΑ"></Subject>
    </Hour>
    <Hour name="14:00">
      <Teacher name="ΚΟΡΔΑ ΑΝΤΑ"></Teacher><Subject name="ΜΟΥΣΙΚΗ"></Subject>
    </Hour>
   </Day>
   <Day name="Friday">
    <Hour name="08:00">
      <Teacher name="ΜΟΝΑΣΤΗΡΙΩΤΗ ΑΣΗΜΙΝΑ"></Teacher><Subject name="ΑΡΧΑΙΑ-ΠΡΩΤΟΤΥΠΟ"></Subject><Activity_Tag name="ΦΙΛ"></Activity_Tag>
    </Hour>
    <Hour name="09:00">
      <Teacher name="ΜΟΝΑΣΤΗΡΙΩΤΗ ΑΣΗΜΙΝΑ"></Teacher><Subject name="ΑΡΧΑΙΑ-ΠΡΩΤΟΤΥΠΟ"></Subject><Activity_Tag name="ΦΙΛ"></Activity_Tag>
    </Hour>
    <Hour name="10:00">
      <Teacher name="ΒΑΡΘΗΣ ΕΥΑΓΓΕΛΟΣ"></Teacher><Subject name="ΒΙΟΛΟΓΙΑ"></Subject><Room name="ΕΡΓ-ΦΥΣ"></Room>
    </Hour>
    <Hour name="11:00">
      <Teacher name="ΒΑΓΙΑ ΞΕΝΙΑ"></Teacher> <Teacher name="ΒΑΣΙΛΑΚΗ ΕΥΡΥΔΙΚΗ"></Teacher><Subject name="ΓΕΡΜΑΝΙΚΑ"></Subject>
    </Hour>
    <Hour name="12:00">
      <Teacher name="ΧΡΥΣΙΚΟΠΟΥΛΟΥ ΕΜΙΛΙΑ"></Teacher> <Teacher name="ΚΥΡΙΑΚΗ ΑΝΝΑ"></Teacher><Subject name="ΜΑΘΗΜΑΤΙΚΑ"></Subject><Activity_Tag name="ΜΑΘ"></Activity_Tag>
    </Hour>
    <Hour name="13:00">
      <Teacher name="ΓΑΡΝΕΛΛΗ ΕΥΑΓΓΕΛΙΑ"></Teacher><Subject name="ΙΣΤΟΡΙΑ"></Subject><Activity_Tag name="ΦΙΛ"></Activity_Tag>
    </Hour>
    <Hour name="14:00">
     
    </Hour>
   </Day>
  </Subgroup>
  <Subgroup name="Γ4 Automatic Subgroup">
   <Day name="Monday">
    <Hour name="08:00">
      <Teacher name="ΧΡΥΣΙΚΟΠΟΥΛΟΥ ΕΜΙΛΙΑ"></Teacher><Subject name="ΜΑΘΗΜΑΤΙΚΑ"></Subject><Activity_Tag name="ΜΑΘ"></Activity_Tag>
    </Hour>
    <Hour name="09:00">
      <Teacher name="ΠΑΝΤΕΛΙΔΟΥ ΕΦΗ"></Teacher><Subject name="ΓΥΜΝΑΣΤΙΚΗ"></Subject>
    </Hour>
    <Hour name="10:00">
      <Teacher name="ΤΣΙΑΜΤΣΟΥΡΗ ΒΙΒΗ"></Teacher><Subject name="ΑΡΧΑΙΑ-ΜΕΤΑΦΡΑΣΗ"></Subject><Activity_Tag name="ΦΙΛ"></Activity_Tag>
    </Hour>
    <Hour name="11:00">
      <Teacher name="ΤΣΙΑΜΤΣΟΥΡΗ ΒΙΒΗ"></Teacher><Subject name="ΑΡΧΑΙΑ-ΜΕΤΑΦΡΑΣΗ"></Subject><Activity_Tag name="ΦΙΛ"></Activity_Tag>
    </Hour>
    <Hour name="12:00">
      <Teacher name="ΓΑΡΝΕΛΛΗ ΕΥΑΓΓΕΛΙΑ"></Teacher><Subject name="ΙΣΤΟΡΙΑ"></Subject><Activity_Tag name="ΦΙΛ"></Activity_Tag>
    </Hour>
    <Hour name="13:00">
      <Teacher name="ΒΑΓΙΑ ΞΕΝΙΑ"></Teacher><Subject name="ΓΕΡΜΑΝΙΚΑ"></Subject>
    </Hour>
    <Hour name="14:00">
     
    </Hour>
   </Day>
   <Day name="Tuesday">
    <Hour name="08:00">
      <Teacher name="ΦΑΙΤΑ ΜΑΡΙΑ"></Teacher> <Teacher name="ΠΑΠΑΔΑΤΟΥ ΛΥΔΙΑ"></Teacher><Subject name="ΑΓΓΛΙΚΑ"></Subject>
    </Hour>
    <Hour name="09:00">
      <Teacher name="ΒΑΡΘΗΣ ΕΥΑΓΓΕΛΟΣ"></Teacher><Subject name="ΒΙΟΛΟΓΙΑ"></Subject><Room name="ΕΡΓ-ΦΥΣ"></Room>
    </Hour>
    <Hour name="10:00">
      <Teacher name="ΒΑΓΙΑ ΞΕΝΙΑ"></Teacher><Subject name="ΓΕΡΜΑΝΙΚΑ"></Subject>
    </Hour>
    <Hour name="11:00">
      <Teacher name="ΠΕΤΡΟΠΟΥΛΟΥ ΕΛΕΝΗ"></Teacher><Subject name="ΦΥΣΙΚΗ"></Subject><Room name="ΕΡΓ-ΦΥΣ"></Room>
    </Hour>
    <Hour name="12:00">
      <Teacher name="ΧΡΥΣΙΚΟΠΟΥΛΟΥ ΕΜΙΛΙΑ"></Teacher><Subject name="ΜΑΘΗΜΑΤΙΚΑ"></Subject><Activity_Tag name="ΜΑΘ"></Activity_Tag>
    </Hour>
    <Hour name="13:00">
      <Teacher name="ΤΣΙΑΜΤΣΟΥΡΗ ΒΙΒΗ"></Teacher><Subject name="ΝΕΑ-ΚΕΙΜΕΝΑ"></Subject><Activity_Tag name="ΦΙΛ"></Activity_Tag>
    </Hour>
    <Hour name="14:00">
      <Teacher name="ΤΣΙΑΜΤΣΟΥΡΗ ΒΙΒΗ"></Teacher><Subject name="ΝΕΑ-ΚΕΙΜΕΝΑ"></Subject><Activity_Tag name="ΦΙΛ"></Activity_Tag>
    </Hour>
   </Day>
   <Day name="Wednesday">
    <Hour name="08:00">
      <Teacher name="ΠΑΝΤΕΛΙΔΟΥ ΕΦΗ"></Teacher><Subject name="ΓΥΜΝΑΣΤΙΚΗ"></Subject>
    </Hour>
    <Hour name="09:00">
      <Teacher name="ΜΗΤΣΑΝΗ ΧΡΙΣΤΙΝΑ"></Teacher><Subject name="ΚΑΛΛΙΤΕΧΝΙΚΑ"></Subject>
    </Hour>
    <Hour name="10:00">
      <Teacher name="ΠΑΝΔΗΣ ΧΡΙΣΤΟΔΟΥΛΟΣ"></Teacher><Subject name="ΘΡΗΣΚΕΥΤΙΚΑ"></Subject>
    </Hour>
    <Hour name="11:00">
      <Teacher name="ΤΣΙΑΜΤΣΟΥΡΗ ΒΙΒΗ"></Teacher><Subject name="ΑΡΧΑΙΑ-ΠΡΩΤΟΤΥΠΟ"></Subject><Activity_Tag name="ΦΙΛ"></Activity_Tag>
    </Hour>
    <Hour name="12:00">
      <Teacher name="ΤΣΙΑΜΤΣΟΥΡΗ ΒΙΒΗ"></Teacher><Subject name="ΑΡΧΑΙΑ-ΠΡΩΤΟΤΥΠΟ"></Subject><Activity_Tag name="ΦΙΛ"></Activity_Tag>
    </Hour>
    <Hour name="13:00">
      <Teacher name="ΧΥΣΣΑ ΒΑΣΙΛΙΚΗ"></Teacher><Subject name="ΚΠΑ"></Subject>
    </Hour>
    <Hour name="14:00">
     
    </Hour>
   </Day>
   <Day name="Thursday">
    <Hour name="08:00">
      <Teacher name="ΧΡΥΣΙΚΟΠΟΥΛΟΥ ΕΜΙΛΙΑ"></Teacher><Subject name="ΜΑΘΗΜΑΤΙΚΑ"></Subject><Activity_Tag name="ΜΑΘ"></Activity_Tag>
    </Hour>
    <Hour name="09:00">
      <Teacher name="ΓΑΡΝΕΛΛΗ ΕΥΑΓΓΕΛΙΑ"></Teacher><Subject name="ΙΣΤΟΡΙΑ"></Subject><Activity_Tag name="ΦΙΛ"></Activity_Tag>
    </Hour>
    <Hour name="10:00">
      <Teacher name="ΧΥΣΣΑ ΒΑΣΙΛΙΚΗ"></Teacher><Subject name="ΚΠΑ"></Subject>
    </Hour>
    <Hour name="11:00">
      <Teacher name="ΠΕΤΡΟΠΟΥΛΟΥ ΕΛΕΝΗ"></Teacher><Subject name="ΧΗΜΕΙΑ"></Subject><Room name="ΕΡΓ-ΦΥΣ"></Room>
    </Hour>
    <Hour name="12:00">
      <Teacher name="ΦΑΙΤΑ ΜΑΡΙΑ"></Teacher> <Teacher name="ΠΑΠΑΔΑΤΟΥ ΛΥΔΙΑ"></Teacher><Subject name="ΑΓΓΛΙΚΑ"></Subject>
    </Hour>
    <Hour name="13:00">
      <Teacher name="ΑΣΠΙΩΤΗ ΚΑΤΕΡΙΝΑ"></Teacher> <Teacher name="ΔΑΦΝΗΣ ΓΕΩΡΓΙΟΣ"></Teacher><Subject name="ΠΛΗΡΟΦ.-ΤΕΧΝΟΛ."></Subject>
    </Hour>
    <Hour name="14:00">
      <Teacher name="ΑΣΠΙΩΤΗ ΚΑΤΕΡΙΝΑ"></Teacher> <Teacher name="ΔΑΦΝΗΣ ΓΕΩΡΓΙΟΣ"></Teacher><Subject name="ΠΛΗΡΟΦ.-ΤΕΧΝΟΛ."></Subject>
    </Hour>
   </Day>
   <Day name="Friday">
    <Hour name="08:00">
      <Teacher name="ΤΣΙΑΜΤΣΟΥΡΗ ΒΙΒΗ"></Teacher><Subject name="ΝΕΑ-ΓΛΩΣΣΑ"></Subject><Activity_Tag name="ΦΙΛ"></Activity_Tag>
    </Hour>
    <Hour name="09:00">
      <Teacher name="ΤΣΙΑΜΤΣΟΥΡΗ ΒΙΒΗ"></Teacher><Subject name="ΝΕΑ-ΓΛΩΣΣΑ"></Subject><Activity_Tag name="ΦΙΛ"></Activity_Tag>
    </Hour>
    <Hour name="10:00">
      <Teacher name="ΧΡΥΣΙΚΟΠΟΥΛΟΥ ΕΜΙΛΙΑ"></Teacher><Subject name="ΜΑΘΗΜΑΤΙΚΑ"></Subject><Activity_Tag name="ΜΑΘ"></Activity_Tag>
    </Hour>
    <Hour name="11:00">
      <Teacher name="ΠΕΤΡΟΠΟΥΛΟΥ ΕΛΕΝΗ"></Teacher><Subject name="ΦΥΣΙΚΗ"></Subject><Room name="ΕΡΓ-ΦΥΣ"></Room>
    </Hour>
    <Hour name="12:00">
      <Teacher name="ΠΑΝΔΗΣ ΧΡΙΣΤΟΔΟΥΛΟΣ"></Teacher><Subject name="ΘΡΗΣΚΕΥΤΙΚΑ"></Subject>
    </Hour>
    <Hour name="13:00">
      <Teacher name="ΚΟΡΔΑ ΑΝΤΑ"></Teacher><Subject name="ΜΟΥΣΙΚΗ"></Subject>
    </Hour>
    <Hour name="14:00">
     
    </Hour>
   </Day>
  </Subgroup>
</Students_Timetable>
